Channel,Subscribers,Views
UCD1Gj5ew7J8zu3TOwq2fQqg,530,25395
UC_Som-hlxAywWxGHzv35tNA,386,75871
UC-z_1qyZnOOr_PDqePMObNw,56,7614
,,
,,
UCM44qk_g-R56NkfmbzIQILA,302,52444
UC_hD6cMIlSVn8Id6trLgCLw,827,77765
UCsEK18xVDGksSqABptIw7PQ,798,360261
UCp7OwpPqib3YIiOhU4A0E7g,28,8468
UCtxaysSXm4kcFpGiytGgagw,71,444
UCQx4msJ1HtweejtTpEgewuA,4,623
UCRkosA4vFLVQYW8iwkQajSg,25172,5557664
UCD6Bzi0fkzHhSmoWfer_MCw,4,6
,,
UC-6vZCY10nPZyH331yCZpyQ,1,58
UCI7CHJ00lmCPRhF5hDGqEwA,715,1743951
UCakQg78zZ6eszVmD2ebKUrw,293,104777
UCzMo8q2RdRmBtKc7iB7IL4Q,263,3108
UC9LuBi8X85UhsMSnYFQTZSg,0,5382
UC9sDgvRijSl_Oe93taqq1uA,115,18719
UCmRdpUUEF0WQBKXBh-Aaxkg,1,29
UCSWs5kCh_Wv3MDviJr8vqiQ,189,23192
UCYW_XPmJIieBIolM8qS9egQ,10,375
UCezhNG4GLRktH3-_vMsQMLQ,231,14667
UCszolVPiun9a0gNZHVPmnXA,5,0
,,
UCLqRcgA_08HFJpGH8UD_suA,398,59819
UCMMUbXwZeedy9recXGFH3eQ,281,14178
UCN4KX6UtCjJTMsapRFXnUpQ,43,30863
UCj3DPifSdESHnvMrhTfrRlQ,624,83846
UC8pWKIRUnqXlSFfT83IY-lA,238,74845
UCj8mO9zP_iKWTCdW778SJ6g,172,35917
,,
,,
,,
UCJFSlPRT3oIy1L6sPstRUhw,1,102
UCjEf7sHywuDz5FRLZUvsrqQ,1309,87380
UCEK1fXFSInSCRP8unriNdHQ,22,2881
,,
UCcK24N9oSPdZxnanpm7sezw,4485,1234991
UC4SUI3BW7gURT9TfCRv370Q,53,2373
UC4TUIgaDM70t9B6qR080iKg,171,1511
UCHzXjkoDCnCiTyfIq6XO4iw,183,47138
UCZehyYBBeV0gXDtAH1BhaZA,3,61
UCsjnu1n5cSKTEkw4Deu-4Cg,6,0
UCO7H2Y-5U0gnrMTSO6_EL3w,118,3776
UCviNo5nYh6_V20sstrn6P7w,217,31068
UCU90o6fziFHWeIuK9WXGTGA,20,885
,,
UC3vqATRopY6YOr9yZpvU1tQ,183,25941
UCUbScIJMTZSTHuq7uy45aBA,67,336
UCEmUjFGJfoQcYnrMqaPslqw,5041,0
UC5eqYohVeN_zh-Yy0dx12oQ,16,1093
UCHCIy1ZpCaL-k-WX-dc8hUw,2449,392516
UCjvpH0ai0atdheEgsyFpCiQ,1106,426410
UCu5Uvj4ZsBx9ZRbm5Ehsn_w,1386,291066
UCt04ya4p1PPZfhxsIiVnJMA,14,0
UC26V-L-pJWfUw2HkUpgpi4w,10,355
,,
UCUNzERy7VpBdV1Y7_yDqR4Q,73,14411
UCPdGeEafVJlrGftJlvurUvg,5,0
UC2pdJIEcidc2Hdh_fwOuSww,142,1759
UCfWb2qMWKLBTbk9ylK-sA2A,65,3185
UCTjhPHUHefcrgO5Z1MxRPPg,277,29763
UCGREezpN-dgORzphaxcuNvg,5688,230512
,,
,,
UCPGQE5qkk2JUrNNutNln-6A,163,100151
UCYBgzRbdIoOSagM1aAArIIg,26,2581
UCTE8wVyrJmE1kcJSTL_SV-A,434,116433
UC8U5GjlHtbL3KoA1NBVfiaQ,24,70
,,
UC7ZILto6YB2nIhjkibAzAZQ,11,4327
UC1z_5gj-8CczmMJ7VdJ0VFg,15,2466
UC7oFGlxHND26mmRXtI5trww,824,103094
UCmdvojBXF1kOsnju1rY9eWA,41,1853
UCE-OgXMYGq8oV8rsK3AikRw,54,39644
UCTUM1rn4R6ux4s092gR4B4Q,1,67
,,
UCibZ7UevRbKBsb4m9mfHN_A,338,203622
UCkR9GuRJFcNfP2YjC8tx0lA,58,5183
,,
,,
UCptHlhtHCpFxkjiRUpuWxvQ,250,1208
UCEsmc8y7hreacMeST15TzmQ,208,18577
UCho1Q1rgmNod2lMUZTwcjCA,415,30504
UC2MqEuvfi7lGO_4Lfd9ed7g,1109,86527
UCF2oJb05bNQVtm9Q4E5lRmg,61,1144
,,
UCStkQzNR4StTfKE1LfnsytQ,5027,768902
UCIZYxi23h27k94cIhrdpqNg,3,223
,,
UCzTz0Ol-96-yxb2Sft-Mj3A,10,300
UCfgnK3avY1h2sH8kkcFBJgQ,6,390
UCIe6P_DAAcltYNV0kxXpMcw,8,120
UCj_9SkE9N2k0eVx8oWN_92A,20,233
,,
,,
UCKKDPbspdfIEBSTDu5WcHEA,2,745
UCZcaZa6oI7afctYDuQRVaKg,1327,41969
UCaNKIDul1Ess1piGyxWcWGQ,1391,136504
UCbODad3l5JHruIzzF7l2dZg,7,114
UCRRn9nRLmXldMzCW4i1_ufw,3034,489728
UCuyR7jFV39M4djqDlelX83w,280,76754
,,
UCf-zn-DrWz2-r8Gjtqdkvyw,38,6882
UCvqtMk5RZDk8gg7JMAeK5vg,213,9946
UChziVpPxNRlM2nfS0-U1jUA,13,706
UCY3EGw14RHvkdI3BbpGx4-A,59,2901
UC1yplYs1Mik6awBhlqUzdLg,55,15881
UCx_0Zy3mxk_prFEdyXId8cg,545,1004
UCyEO0Scf9eNq4ipL_VoZAQA,5709,227667
UCBJLvzKYBCQJc1buauA3msw,126226,7918823
UCGaSVLarGrWzVZR0MOrdMpw,11,0
UCt1dJZ3tCizvku9lBoGvfLQ,65,136
UCmNpJ3dF2dvCBVzIsnIpvpQ,477,579
UCw5JaxkZNGPsCdJ7CWQ6Hew,153,20
UCq8p4-8an5OiX8v9yDd2XSg,4,0
,,
UC-c1z2Ay5uC1gL-vUcNlb-A,508,12721
,,
UCf2GhXWxEPUMS1LAwyoLADw,54,5540
UCBQ7cKfJhC1sVkmE0pVSRsA,0,113
,,
UCUOwFMqWBjRS6JA4PgLlQbQ,82,5190
UCGMtoj9V9Go_im4289d9Oew,901,18750
UCQmuV5-cRkd90av7TgZIu8Q,26,611
UCDj_TfyiIgpt63WpaFuzNRg,22,265
UCty21oNZpP3LoO_jTh76CMg,1,0
UCwmbuvGcHzwWU0_zo5RWjFg,12549,1068104
UCOx4GJmhFj_QNUdPiIAg6fw,938,11635
UCspMJ-eEVNUxyv2wzGQbr1A,774,95527
UCU4R0xHgdqbRk0UO6sWZy2w,64,9857
UCvPgTTC5wjABNIRvxrUD4MQ,10,139
,,
UCW86vQsGN0tAslKb9qKvrdQ,4696,548909
UCqexlGALqipDmKGQyAy7bdA,68,53091
UCtcPWEgmYANI8xFrwnddfDw,15,642
UCDUS5EX1NttnbhRYVkFFH8g,532,0
,,
UCk7vY1iH_lOScjRmJkAJd6A,27,79
UCUVJc98Ss7B4y3I7Xc8csng,7686,1516282
UChdkHYo364CIjLmryC3yOSQ,792,57639
UC6E4MVoW-aYIELnTD1s6Qtg,88,6352
UCAlTn9LUVIF11yTAw-OBRUw,163,15068
,,
UCb0fsUSMsC84QvlQaOFvmNg,1,28
UC3fxR6HAfxfGeLYHFtmcwzw,0,294
UCqj3SZUwKhblGj19skisjeg,17,5725
UC94a5pJMzI8c2YlAftiJzkA,50,7269
UCCj4c4NwGZWFG4WjgFRYYWg,413,17207
UCxzY3PJRHvRB2SgBmInTLVw,57,3980
UCYO-lMSri2GBHn-u1CP0DCQ,107,274
,,
,,
UCTPy9zCZQ5m3QeVAAY0gG9Q,1360,230064
UCvBLeiZUv9wqsoqYgGJr7pA,8,308
UCXG7zN3K7oXtzp8n6GlnJ8Q,1,9
UCiS6vtKPifL0ld3hE4Khk7g,7,62
,,
UCjbWjdX_CtfFiHRxYFKhzpw,1551,177558
UCKxl7DVTrR9WZCAhe0klAsQ,0,20
,,
UCp6KSL8TqNZDo9mrkNNOlXQ,1524,725021
UCRO-K2wOTWr1W3vOM45EJIw,7,540
,,
UC5wRGSO4oEbt7QWJ_aMCO-g,8,243
UCkjb7_H_l7ZkcrNKio3cQsw,7,95
,,
UCrAz-nkgo0bChr7TiWf0bXw,42,3394
UC-THIB9FI2piIcCG_RLFKZQ,12,1223
UCOwVzwi46CWBLVMmnL82R8Q,671,23631
UC31X4wJJRsrBAd9cv4d7mKw,189,15643
UCRLqMf0UZebYje5Y4TaZA8Q,79,919
UCGaBcOUsP_rr0SFEoRHuH9w,7,4121
UCl8qLTsK4jlfq_1G-g-NQOQ,16,24
UC3UcRjxZb1PqLFTtsMJDvTQ,567,783800
,,
UCfiLtVac6MLwuftT7ocEC4Q,2571,137574
UC8mYzxz7SgdIQTMib0mheSA,411,35734
UC8mYzxz7SgdIQTMib0mheSA,411,35734
UC_nA48ggsOOVikY5L3FDzbw,366,33803
UCV8tEo6MludKjxB9TZgNh-Q,341,20877
UCIOw6uf3silXTpqAQQhGukg,10,355
,,
UCPGJGp6qL9q_ls9hghDCTPQ,6,2916
UCrObq-MiMqHLK1CmluX-H_A,68,11974
UCqZPCCc0HmECBia_Cbw3jWg,0,33
,,
UCJxxrrRUUn85Xf9-KsPTDAg,1080,42827
,,
UCdGiaDPz4_M4_mqwIjG3ojg,14,7900
,,
UCpm3kOFcLp66tw3ckBq8QoQ,5,642
,,
UCFr8QbPLKD0SoOkuJPYxoZA,65,901
UCSZqJeNP-sPDsNXdTVkLTcQ,2151,157165
UCifX5ag4r1R8T0a5vMYgrYQ,141,31859
UCvOPrH7cjpHo4nmK2dXJzeg,2408,336846
UCbFLnRYMwg0Xh3tW38WIBhA,40,34263
UClChfMpwGpp4cV21VqSyubg,33681,3003006
UCD3vgXsXpduxAVZ1Rgnpoag,77,67157
UCySx337YNBMoRBrnVMokZqw,2,2631
UCSMkpDh4d44BPrxmYqM-TEw,28091,8892011
UCVkeLd5TDxUlOATUvBvqcAA,38,28039
,,
UCMN8eqRUEerD2gCR8ZMU8WQ,4,11244
,,
UC1txVJS6t-0wLMM4F_Jo9ew,39,17721
,,
UCgbHJENV6UgIZl1Rp_GXCfw,13031,10790770
UCYM4dsxHrNzvdoBE7RdOWXA,992,232026
UCgg4Pf6_k0M7VySxxvKS2sg,1,32
UCMbObdxgRF-MTH6r6aglHFw,11,6452
UCQuyRAnqckT4fWv13xKU_-Q,437,31877
UCewOGN0t8xSAVI3tM2aVijg,10,419
UCt7p6SqFMdH2KpXXvYRxKEg,59,807
,,
UC2FWCpAk8NgZUVIXhQW3YSw,3,0
,,
UC_z7BY9S3ch99DbPRRYj8vQ,53,4896
UCLteXuT_CUr131I8HX4j0jA,24,714
UCX1oR7vHwtfhM8IVdzQaM1A,117,664
UCv8WTXXOTAVvoKBQGTvYAsg,26,1180
UCWy8cUi74KFY5_nZ4VmcYHg,4,0
UCqTmlSpYMGLdHXsJO7hToTw,333,91293
UCxi2_nkMfxNyz65uIpJbweg,2219,216490
UCGZnbLed0GxcF4CoAJYM9rg,29,509
UC1CU8FbsM0IPL8dSfOHWnOA,240,27397
UClU56PnMfJpNAiudl8pj2YA,1848,219815
UC9j0rwaRt7zh-MOjpqt7pcw,12,639
,,
,,
,,
,,
UCMnHfmWAarC5X63EdhEe3qA,2332,837477
UCl82mMjgiZ9y7eL96NNXMtQ,98,12096
UCbJ0NrRLOHoT0TMeg1bEtLA,33,2104
UCA3m60iPJRmqU-n8RUI2vPg,23,180
UCHuD3bXQLYckHIz1gZ3pYqw,3618,1347665
,,
UCMOjW2V2eXYXmksr5kTTDEQ,365,3868
UCjjW1mq63kFYgKLtk-vJ0Dg,81,343
UCY6j5G0jjTVSZGp7P1iei7A,676,15092
,,
UCCUN_f3xnVN0d0WQ95O0BkA,205,60157
UCdncBuIWU7xjuF_Cz0vJf_g,0,3
UC0B-hQYBWh8sKJjkNx19Row,68,0
UCKaTAnPI1b47AllagVoFDiQ,74,2168
UCcbf6T01o_mKHkyfi-L46UA,53,1346
UCjwn8OHSsOwhVYz0PjbmI2Q,0,23230
UCLPUQ1cunUQIU68Y5QS91uQ,56,2574
UCBXcZd8bwrXDA4D8TVDnQYw,211,31289
UCC8M3eFxamwjXfTozGpo-mw,251,11300
UC66mtq_0I_36RoAS2_3jIHw,0,0
UCBbXrW2-83Jvs3qrI3Te5iA,6,6562
UCrZX2iZW_gACEaAL6FLM_8Q,196,41754
UCH8p9Z8fV7djJmXzzsUIYlQ,1,146
UCIw3av-jDDd6s2g88GSkkew,1049,22767
UCJ0aDleAod7FUFgJIceyyzw,46,5185
,,
UClwYqgcCqhjmGq0lInEzqsw,30,640
UCop0WfvUCZeTOc0vF3Q_T7w,0,7
UC4LnngfedUu_qd6Sqc4MIuw,107,24681
,,
UCDsn-c90FUOOc-DV3rLUY3A,1790,215260
UC2ydGrVZ-0y0XcPmFaJLA-w,12084,2024445
UCkcBiVZ30BZbBCkSwAkFBuQ,2,0
UChL8Crhp67KFEixFs4RmNDg,0,0
UCHmIbB-hdQ_yl0GdumWvhIQ,50,1478
,,
UCwXDGwVtE5MGtu4BzwxE1cQ,1131,169834
UC6FffytGbAnn7TfLbJCpomQ,233,5525
UC3VfpArVkYSaQnKFhdfhx0A,43,9878
UC16-cvWed4uykD1NUYHFnDQ,302,1981
UCYN-hzsTuhPJuWTWqLeJxSg,1185,286413
UCVUdE8TfI_OhP5xU9L0R7iQ,0,143
UC97mjZYjN4BHmyzP2CHxukg,4292,121615
,,
UC-caEKwjPhTcCyM1cRxHfLw,126,10382
,,
UC_Ut23LE3L_ZnZME4eo-_gQ,1024,26118
UC-lVugpXMdUWVneTEYkhCPQ,262,30583
,,
UCHpxhSyW0BqTNFb-YcGu0hA,8,6030
UCOB3Io-T5XqfOiipS-7Nmdg,29,83
UCWEfps_oCSUns7K0Zz2ukVg,222,11028
UCXV7zdOfa-89PUMvKPmb50g,6875,6872904
UChc3uD4EDKT_WKvZ5cfcB3Q,406,124147
UCDGKZ1bTu1mjTUqClV71dXg,4791,1617710
UCn1ZBeCWPH0uN_KvntS5YOw,49027,0
UCmvaxLAA3w-vcqkACA0ystA,409,14305
UCo7qQcWyHUYXvgAL6gLHQgw,10,1018
UCcMaMZ-IMh_-CQz_YktlucA,21,463
UCr-r24WTCtx8aDeT1DftAcA,40,5639
UCiim5DKwaXuvhX5RkPy4n4Q,861,13419
,,
UCWaqHAD8mB0lf8j_4zzi1ig,4417,635780
UCFhHuT2WM83Pk5_SbXIZ38w,13,3393
UCUOUhK1YsqsG3WKKjon9s8Q,614,3853
UCbHQLp3SWLMJ8G0vZv8PvuQ,83,2114
UCbZ2TMLvaCdpND-PQOFdxHQ,4764,1182484
UCMX2MAhSEZgiETAEP75vn0w,384,25866
UCrPW1EJaOfGMp_p3tefNF0g,759,31726
UC0v_tlLjThw7trtHHWJfsFQ,212,18993
UCfmk8cv35pPBwezYm1aE7Dg,146,5865
UCG7RxMWFf8ekrPl756LUa4g,635,41894
UC62_L-550M4BJs2cn4ouBbA,1481,121646
UCrXgMdri4WAV38CuL-KtB-A,203,1992
UCXFP1yR2NqiFa4xkPKXqsWw,0,371
UCEgbZF1_NIDDduoO1e5I-OA,29,371
,,
UCgbHJENV6UgIZl1Rp_GXCfw,13031,10790770
UC0ySlisUWtJMU6zHJSUzuVA,442256,75814154
,,
,,
,,
UCswSFWOi6kkyv8H5g3AVybA,0,0
UC1uq4QTQQs5Gmw3c0zvbX5A,21,1457
UCrx0sshiC75E0YCzSzNQz9g,724,85417
UC0Tu9fth6qFcMBSmNWIbpKA,1112,142162
UCSdY1Xs64zb8h0QnA_xUVUg,199,5738
UCobu6HfiV5P3Ji42ZlJXIkQ,77,19103
UCpWfQKnj-8nPsbmcjbxZLtg,22,334
UCe8OpvyZiDxMy5t2JKDFiRA,183,41946
UCyopr0Ygu2iMFSIDPjS8ZOA,14,26
UCBO9OL13zeqiyVaU8VQ3r-Q,126,1677
UCOsdL58xHEh0Ez7RVDYScTQ,2092,268139
UCNY4-nPjr4s6KEI1LV9WzLg,448,30019
UCn4BNPzJDyxkoBgXRuOFeyA,11201,453628
UC4SSe8Uc6-yqYslQFYSyfuA,4300,594829
UCV-rth_Cs_zu3g3yzSLQCzQ,3338,235172
UCfCADbecMlCZ-QP6nppYiTg,177,16795
,,
UCsK2_bea_qEqp2BxrnkWK6A,3470,212784
,,
UCYu4l2skD7CfiRr9_3d3ulA,125,43034
UCxzfIZ-J5EljPv5txrZ1_iQ,13,15095
UCZXVJgry4FxvZO2718qQh5Q,9798,1898635
UCzHTuhMJ1rcYIn09NtVx4hA,24,73
UCB7Fsnzn7Fmt8J8JuaFkidQ,45204,985826
UC080cBva6WcuUzjLll0FugQ,1499,79096
UCoami_k9HdVFIZLEmDGzZ7Q,6620,2192572
UCAQ7sWi2M5ytI0adLzBJArw,232,4850
,,
UCXXsmfAJen-ZhRzrHWCxrQg,3220,133611
,,
UCdElgaaOQcn-OwqyEo24xFQ,347,82602
UCA5mbB_vRG5Or1DwVWEz_bw,706,7036
,,
UCLXdKY8QsRkqw5ujkc5wyqg,13,400
UCt70a-GxI40W2HxmyLSLALA,1150,126422
,,
UCfC63-GGjmIrWrCvNru9ByA,11,16123
UCAMHBF4LzMErI7rmK67TYUA,1008,26480
,,
UCVgOYeEmFgOxYNYbN3OPPDQ,715,2100
UCrjYjp92RkOPSIgIn3fB2lQ,38,4360
UCsYFqoassYwuTFR_lT8GFng,607,40294
UComhzQWXCDIEAf-jz5vyxtA,104,4197
UCne_9oB-wzuPFLmyBsvwO1Q,61,6790
UCPVPFcpoLUBzLTwtwc5385w,1481,156610
UCrb8j420MS-CB_JIVDepsMg,62625,22927827
UCju2FkWnMy4jRqSoSZSowOw,111,1553
UCuiWxgmjDvGZjtiT9lPEZlw,293,18561
UC_IdWD2QSNi5Y16RNAQ9PDg,128,8547
UCkD-WXMKHv0WYpBKirrP5HA,494,16737
UCxbivvwPkudpfWrLQHGHQyw,975304,135427514
UCpsrsoTU-SfAaZp9aEwtfuQ,1081,5159
UC1PQySaRgFkgRny5GNBAkgA,1165,0
UCaQN6PAZ6QBv0uZylJD7GUQ,117,1418
UCAP-RlZIah4oVUWZhg8se3A,412,67692
UCgMR_H_rqW7zsI1eg7hQing,0,513
UCkMT3DQXNCy1CnEGD_NkLIA,35,165
UCFYvx9BS3qR3SdbIkjBd7sw,169,4787
UCjapLcKiOIBfS8LzCg0eHwg,38,11119
UCw1-_p12VYBeSQjtzAmNy5w,864,10976
UCF5Xub5d4fIf39npbn429qQ,591,109698
UCf-dkLnLX_sfmJCgzv6DNAA,62,649
UC-ar5v2PlJ858yW8T244mWg,111,9106
UCaMjY7C8l3bgY4OR54IsStA,6,0
UCY30JRSgfhYXA6i6xX1erWg,13106006,2726651039
UCoYoGugppvhK7aRsNSX43lg,1812,258311
UC9jnmJc80ZTJBjPlh1jkxtA,286,12600
UCx8RpLgYc3uGYozxFRRfW_A,249,5646
UC5y_qKXcvEFf94EPikAvFqg,900,148435
,,
UCOiZAV3yNFMn-AiJ5_oZ11A,11,514
UCZdXCDG3MVIMeezeefHmW4A,255301,42455139
UCR-1TCUhvD9k_meLSP1FBhg,736,239216
UCG1TzFRt7jSbFl8hyXHd3PA,54,5112
UCyenbUD7TF3hCmGL3zJFXBA,33,20243
UCSlUrmG6Y3uEmB_XvFVzZ4Q,168,340
UC3m9agZxcHqx932-V92KkKA,15,1211
UCsrceU2cvv7VJfnSHQ9EMew,3961,25090
UClE-O10kkqd8gqSSNNJJf-w,659,87721
,,
UCmWSg32tBO0emtbH8cMzbUQ,432,11816
UCz27lCOTV1DQuAHonvFxpdg,166,19623
UCurqER-nGJe6xFc3I9O5t1w,144,2769
UCHeI1yqNcJ4y_13G6BIE3Lw,2067,73905
UCDPXXHhyW_UmP9Wp9EgKTvw,303,80788
UCWLyU-hB4YFw-0448kWTOrA,11,114
UCbMX3FHg59fL4IF6Hg6MV3g,113,605
UCIDXhhYhUVHB0FvsrCn1Dqg,132,230367
UCZFcqAw0OgfDOhEvfyc64rg,20,260
UCm7Wubay6rSXPFL0H-ZJZmA,587,4941
UCOx4GJmhFj_QNUdPiIAg6fw,938,11635
UCYn76GaJzSGxGjqR-QUWz8w,3242,1074302
UCgvbRVn3FXeE6xQIweSoKZg,20,373
UCzxXiQE6DwoqpGAXsU1JyBA,148,2323
UC_QIgr33oB7eOT668Rndx1A,382,11234
,,
UC9ZSd_5-pTkHU19Khj-r21Q,2217,87168
UCSir1dZRh2enFyjKPYkrKfw,39590,13138239
UCyhmVeMH9_GzcC2zElN5v0A,65,18248
UCa-FWpunQtGS86Ma75BjRUw,551,173
UCzGLSfWbq4CiqKFO9lU9HLg,30533,5716802
UC4ryghszxST4ZzLPNIBzq6g,126,1717
UC5DAzfcNsJN_EWcCgNM4Ycg,853,182261
UCSWdOokiXQHAQ1Pt1oOQXFw,18089,869552
UCZOuYnfzZM5T9vUX1f3YgZQ,635,112237
,,
,,
UCaQ-IHCZ-LRNDmnIHGqfwvA,1433,726080
UCbk3BpdaU_bkGwydQ4ClYJQ,945,1302
UCnpDtNdRNZtOXr_nTtRYHwQ,43,1933
UChwvx_nNbqnj9zSRby02qXw,83,337
UCfWdEfjPs5qFENOiPpOUKUA,219,106368
UCneWwb9W2Ja82RuW6VDFc3g,9,247
UCDS62AiT8404WQvL0_PgYUg,3,82
UCvIrBFFm3SkG26iZDi5S7Uw,5,72
,,
UChkOCH1PC1flZvcw8dqT2wg,4084,648509
UCG-WuHYZd18NhAE9gHUf1-w,14,173
UC-oyNqhG3OdcXS4Tf62Efbg,360,6126
UC-t5u_4lHafeXk4tlFEGg1Q,29,3336
UC_uzkj81ZqDAq240mDUyGgw,406,105571
UCouCrn_BmX5QnSlwgoWYgaA,129,4861
UCeUFz8Jr6h1b-BBi6SRIZQw,25,223
UCUC-bNPbshgjTboeIz-Q3Gg,81,3374
UCQpFQhgIKZ5bTckjdLPp3dA,61,12500
UCgW7jgDPWQaxXoqQFJFAtyg,1321,371858
UCtIwdHjbOai6LAG_3xhJQBQ,100,1911
UCoTN2SGu6SYU8VdYvVfOTSg,64,158614
UCLPbo0heEThKZobvqiJT3rg,4118,800839
UCV8WCwLD9AaR8d_vFpr743Q,146,16357
UCEdfJwhOaF_Db8GYe8pPtAQ,1622,337
,,
UC43Fm4Jh2ZeN4-U3-I8xH9A,779,46756
UC_69zkcILdEIXtSyYTldhvQ,5759,322213
UCCcD-8RLU4sp4wX5w0Vweog,315,63310
UCtLYKWuOtzKO3JVcquZ8yvQ,432,26638
UC69cSWE45bUH7j60g4sVPig,1351,44902
UC3Yh6jJ25nVtoN7kFLTOCTg,530,4275
UCpfij2jAQrgGVlHZadn__rg,151,0
UCDGZ1xV7M87KLrWT2zcC3Ew,2107,188351
UC-Ejx-j_sOqTmyONGrVcVFA,132,550
UCVbUD9Tcc7X31gcAsYMrl7A,3718,741248
UCH6DuU7-L1-L_UknwY5Fq5A,6237,287447
UC5Y-UW_0RjRKCetqlt9ZuDw,8,0
UCBb-dAFjbAN_LPWQCn4oONA,2595,328989
UCnxpCRsQqxX_VFtvdUT1Tpg,44,716
UC80Z8z-0ufzCfdR7FKrlapg,95,8182
UC_blhmhzlYcxsd4Js0zXdMQ,1583,93478
UCWvOh-VKilaGroveiLPcIgg,95,2642
UCW-vwbYh_8Z8pwlGPR7PHEw,983,34500
,,
UCTgaFWCeE81VPooJ3F6Tw-g,4854,235387
UCQYyfAIIlA86A7tcrGL5kBg,1131,82085
UCNMBCjtgYanJYkZaYJ2rD3Q,35740,16789366
UCoGjL8XR9uSXDPPXfY2XGVQ,411,57774
UCgFL6OaryWW8lVF9LsgoKyA,55788,0
UCSwn8CZ6I_CLymGRejPJTyQ,2,106
UC5tNVmt-OTCYo9xob7Oiz7w,4797,993499
,,
UCx-TyZHGOpa7FxlKD1Idxgw,3004,172956
UCmzBzJ2O5rCY7X-q06c73rw,901,128975
,,
UCUCyEeuLwZ_0mBpbh0WduSA,759,58338
UCB3-TN2RONbO2Mn_D0NjBZw,31,810
,,
UCsBCHvWRB35Q4OaAlYrotSg,13,285
UCKDjtkttQJtJUwS5xlMOMfg,49,1969
UCojBeAuJ3oHZH1FJjItIi1g,716,50122
UCtcPbqzas-dP-Ox_s86XHAQ,6903,262244
UCttOWqxCQlPQKaPiE2n9FaA,10187,204
UCnCslFUAwi1_sSsoUFzLgBw,433,15355
UCFAlP9gRVmA_gFOF0t6IeQg,9,700
,,
UCUCdROD7N6d37vnp8x9_b7w,10,11383
UCUzExZQo9BoujPERsCkCThA,205,781
UC_hFFAgPqGMUAWp1lFK9XXg,645,177703
,,
UCxMbXlqScrKiOqFQiQtrL5Q,5425,745947
UCs0jX1yeShArjVBrBNlyHrA,732,36697
UCezrkyTbJH926dWmIkfLJMQ,1481,271552
UCpyyFsCzfwOpRfI0MFySwyQ,4361,448787
UCKiA4k6ew9OkAShUwlXd6fg,5618,325167
UC1PYW4Q1W__V9ujmjyH6OKQ,1920,176728
UCRSzMqjTqXxIzPm5Vju5BOQ,2839,138984
UC_YbaS0_bBR4BjfMNv9xsRw,5179,684310
UCeDLC_awi3o6qRV5UTbNtIw,1114,110839
UCTJbKnNWI57nOUZZW6Q1g0Q,148,5833
,,
UCPixoWor6kTl1vsUq9IHW8A,42,1684
UCKSM9HqXevs2buo5zXRAIOg,142,3321
UC5fEWkIoaZuHCYsN7HrAnZw,165,0
UCwcVMxlL1hr8zp7Mx9BSvkA,1419,180576
UCGIlZYm72WAxDry8jCSJznw,118,4735
UCuRHUOweEZ0o7E19lN_oCUA,75,4972
UCOIZz3s2PQKktH1JR72eSzA,54,5072
UCjIWH6zrtmFJ_gzepB8KGiw,83,3103
,,
UC6ftlhChA_FhOYhmyPQUspw,33,4705
UCSOdX6Exy6SqmWjHxOUdTmg,11455,1439688
UCiHwx_KCpB4kbp5HJT1bApg,207,75596
UCIew9ET5sJFQFsGmhMCffZw,15,1157
UCssOpk7lMrybKnQkINYft8Q,23,552
UCc0Huq9fVyp7BuTvQzOXShg,46,141
UCgi2AiHB5M6oqJ2CbQP2oBg,130,3846
UCRTOI5zhwFU-1eooSzgHAHw,559808,21591331
,,
UCLmXbAhDd2-CujWuHuWXdvQ,147324,9602245
UC4b8djK5nGY8Dz-Ww5aWJSQ,2115,71218
UCXF-7YvTsb_VG-KEULQfRKQ,3215,1888572
UCK1o3NdwX4CW8cngVDOIq4A,195,27633
UCUCJiTudVNgN9Oo_i2OYWzw,54,531
UCvU_KzEAcOmRYDZJ0fIhqKw,358,21400
UCgbHJENV6UgIZl1Rp_GXCfw,13031,10790770
UCGjETdt4PobqegtvuWRid5A,121685,9572983
UCqRI9YPh7BjC-VmJdJgwzXA,87,3172
UCQOW6t17vkjXSjbAsn3YQJQ,151,13629
UCI_KHlmiNXxzAPZR5ErCZpA,4485,180906
UCBofSSDlt4EZki2VQ9PWnyw,3099,295064
UCBh8Mz_3dajDAeivKkArgDA,3834,70286
UCZqgGOZKjY3ZleV-A7gjJOA,1094,532880
UCP7R-OIzm8PEZzChuxRDLKA,323,139443
UCzXdCVxKQQF1scJe06dFfsA,478,14580
,,
,,
UCEAJIac2tSIciLQ2cZNI4vA,22,6937
UC8T5lOEVo_hjYxqSFGWYaKQ,0,0
,,
UCzzpjGNI1AdiwY25kTuq_LA,12330,822370
UC9MoiZwVx850bWQyMNh8TuQ,3,269
UC6HnM6BaZMJ0GFNV404kLIA,1,11747
UCDue98tmqHSLV2sns33N2mg,145,13019
UCdtx8d-AJnhICewNb5h0-Lg,5,10457
UC8JujmhH7Q0BJBLI82xmhyw,606,944
UC8uWH2C2WPR6J6IuURDMcSw,300,1879
UCTCaFKchsstpWiwDeKYB6ZA,362,5566
UC1O8rP7f4fQGD42xUjv5s3g,63,959
UCZIwGbticVO08-axRF5V-5w,102,22
UCO5w8UizjQ36Zl5X3zHRPRQ,1291,111846
UCOdF5_u4vOCrjSsJV7PWOYw,17,4309
UCEAKBw24H68Y6dEefTCf7tg,6918,255126
UCUgBmB32RJA5_xUwF-NW1-Q,53,10086
UCsF_U-ygYw32bDnLdojzpgw,150,587
,,
UC2LRg55SrjloaDd37gGO3jA,27,378
UCSi4eyDNqMQsjgJwj-Ak1SQ,9,758
UC4Ic8mN8hFDmkQfgGr2Arkw,186,1263
UCIWHqumXobW22yOdC5lw2Sg,118,3842
UCOPpIdRBwz93eYG47pYJnIA,5,279
UCXqIQ0UhmsiPVZMplSjptmQ,186,23335
UCM05LS27UQXot9rciKLtE2w,55,3153
UCwnxrfmjWI3Wb7l1buv410g,808,42876
UCLFiljlUc8_zibOLXlPKr0w,2345,16089
UCnZegdiIDpfKXRiGx3z-zGQ,114,25264
,,
UCG_c5lhh439ldxBn7DoK8Xw,5,26
UCA-HYUbDJy-vblu_2G8iPEg,858,90497
,,
,,
UCS09hzwVZyIK1a4BDhmiisA,764,82477
UCcdMTg7lLm14BTZGgip1SRQ,11,2472
UC6U-WGnEWLebvMjRTdcEeBw,630,621378
UCnf_gezc0V6l1lrcfnVHKcg,4302,479422
UChoGTpXAsVbqoQ1EyRv_E1w,249,4134
UCTxLBgOrQSMQdpgU65pikPw,757,44844
UCnbREBgkq0GkWqqP6RpBquA,408,176487
UC3KRHJWhMUrg66UhOGQoytA,92,37675
UCE0Uz5I9To_ERfosrZFFa0g,1126,13705
UCdp6FtB_k1qOeCMxHMlLWHw,11,57
UCoapTsIE-3ob78THuyk4frg,11,128
UC3AI4Sxm9P5Iyystm1tuVVQ,419,56075
,,
UCiQsJ9FJPS50av3PIY_H9Og,263,120081
,,
UCjzpSw5-i0CM7UNWmlu8hgg,185,2073
UClcN40EghnAJtOq5dFO1_Ow,65,6619
UCDCiONnH4PrbdQqR1y_7IfA,439,17862
UCIBqV7PI3sjrkDhQKeCL_ag,45,44657
UCinN-eirgNwGj5Mf6N2yQVQ,840,108071
UC_us7-M-LPewzf5EG94_Seg,104,3389
UCO_CS6RC53pP55qNt_kdcBA,323,1031
UC13M1zbD2QuyF_nMBIP0BXA,61,1465
UC7r0igaw3QwOwSrqdJsfcPA,0,1242039
UCENri1vG_XYB3DUYOqLAe8Q,137,718
UCv66kY-h9T8N0QozVinkwAg,716,17446
,,
UCKZK1o41UbgVN1CyGSUKHSw,86,2307
UChBjxeU6PIK3ptPc4eOuLLQ,10,0
,,
UCoWiOBYAYe-Ixqk1b0qEH3g,103,15290
UC67QXudQnCS2xJDL6ydVUkQ,314,1494
UCe9jNkFnFB8f1fANWPhSv5Q,319,45762
UCviy11OVnoO7N-6zKKJV6Ig,1124,80797
UCyQ7eAbcNbYu3sB8JAEmiMQ,190,5362
UCfuxcciXdjpPtZNFVZeZnQg,0,0
UCrc23yNACCECe4Xi_59SRXg,1459,443117
UC1mU52gW2bEFsUrr7v-MpIw,109,12251
UC16D9SnEasZ3_uTvq0kCKzg,1840,45065
UCzaDyGxdiOJdlmUagmfcJAQ,1392,71970
UCZQEdLGGqUQ2_AmmousOO2Q,0,319439
UChKuNy16G0oAZO94yt1sdsw,8422,333654
UC1zWWJCleR98Vq-BflKJBoQ,404,4506
UC93DzPT8weuxjKzpRuFSlGA,624,37775
UCGA-1RGMjgWpvomeWnNirWA,679,36033
,,
UCSHiFY4SH2q8SfgNNu7vYGQ,5399,1139740
UC5e2XDVS7Ndez97vqS5RDdA,2078,2427747
UCEeE81_FMwMd35yt4F3MJ-Q,104,50
UCl5HS1JiKylx9cY_73Pd3Bg,1450,400153
UCOwA6OTJbioqZ4SQ3T3p33w,2126,3758
UCiF-ZlVI8EXo4-J62HeOujw,2224,374810
UCIruRJcVKsNdZLgWGvWFKKA,86,2114
UCc3t9ubzytbqRxduzQiHzAg,32,247
UC6Hnfha0EnunmMYCwHfPYKg,5,217
UCMp3FqpUmqIDxD4GxFE4nig,5225,1580364
UC1STIDTA0bIkQYr_8WgMxjg,221,1636
UCEv8cherQfD-w1ivZ6IKKDQ,32,343
UCbAARId3IcCQ9dTtoTgmV0w,182,3741
,,
UCcFVA-y5-QYlkQTDfKkc6zg,281,56251
UC5Xpj5SWjf0RoGWUt8SFx4A,119,9197
UCazc1TNVlz2gUUpWp1Go8lQ,152,4323
UC0ZAg1KNrZh8jo47Cj_ah4Q,0,0
UCyv87LclJsn3DTWptJLmyfw,13,2086
UCpge1p0ZV_mi74EP9bG2TLQ,660,761281
UC_fRBUkiMTjNUIk6NXVGnbw,973,95633
UC3b9zGJrT4EVGBWhKWDc1DA,37,6474
UCILE-ksesoHk3_CcthKGErw,201,49739
UCvxtQwjDkrMX2QdHT8hbInA,29,1433
UCfn9xyCoHgatDkhyu5PA3WQ,584,74241
,,
UCVuQ-98W-ABxH9eOzYZ2FaQ,494,31932
UCvRWT_NwhiPBggSZUxqOxRA,7,1165
UCfSwEZCF03P2guQm7N34V1w,33,394
,,
UC4-6q9b4o4gV_kpnCoxIDKQ,230,5860
,,
UCUNkkoIeCXypcY2VCmsyyNg,207,0
UCIQxLUuFx8lwtl6ItNrenxw,8,682
,,
UCQRUTUHuSMOIm95n4daOjPQ,4806,0
UCJs1Llu_icTlBmUJTUbc2jA,124,2094
,,
UCWyIz-ygWAviqLQccVS9sew,157,12575
UCMZsyO8e-eOD5rY12GmHThg,14,113
UCEeSIPItiusy0WHkmbUT89A,2,376
UCP51WSvzHSu2FlrI88MILQg,51,25075
UCo1qQ9vLvLOcYdShjYk-T9Q,78,10187
UCz8b0REPPA5zvJWWFUdfY8A,32,5971
UCx0fySRDisIpxFX68Mjw2Fg,136,7326
,,
UC7ZlbwduCIqYNdHekHFWUew,1033,120935
,,
UCXrR9POSkwCX3KkNBV9AX-g,10,0
UCbXCSQZWBhP_fyYGCYvyZdw,163,21317
UCMQTbQoYQqFr78LfQ2xA0lw,0,99
UCyKQ2QGGUVnPO4Yz4fMEXJQ,238,3873
UChJ8X1lmzhykHimNjUbpHlQ,9,180
UCoNFGfDtVBauvfOUJ6H0q9Q,2212,1404488
,,
,,
UCXe1aSKhclAtSYHBXtEUogQ,0,0
UC4wPQhu3ehGmMlgqZXfsf3g,106,1908
UCcYq-KQP1ZxWiBaIZrpRULQ,45,11133
UCWIb1N6tRv6lurhNhLbopYA,48,6896
UCcz-8SZlp4Uw-zg2fvQ6DgA,314,198528
UCGfZvqvr4rHtL3DaooedKnw,21,295
UCB16-yrgN3EWP3FL8RnWxHA,5051,671512
,,
UCrILk8ENwVuu85e5Wh9U4LQ,940,743865
,,
UC79BZY36w0ckJOdkmvwqrDw,70,2736
UCmFhqV8kMwnuWMKxLdTfHdQ,149,138247
UCJlYMiPV4URiwkoEXXWHY0Q,80,8094
UCF-Rzxtlu_DtPbj2ZCptXNQ,440,27957
UCeARKOy8uXjp_Eiy1EISS3w,0,0
UCiOgfb5ZS7ZlnZY39cG8joQ,1225,77650
,,
UCw9qSh5IyPCk8e6LRmXTTvA,22,1662
UCtTp9TSrN7A2c9XzZwZVjFg,1023,12765
UCZiOjko6T0hYn0_Ki-Qr5mQ,1,0
UCTywJ4FAL7nt2uHm32kp7LQ,68,107245
UCMfEEAhHh5X3RCSy4a7930Q,129,3360
UCWs6Ei847zp9JKDeVuNCYZA,28,1789
UC_9uQa7gOnnXhUntUCewwkw,0,0
UCIRjgDtHFWmkK1b6nARa2_g,0,0
UCC2tIc93zq_TLIST1AXQkAg,20,5161
UCdN-MgI4p6Ta3GYFrnBPnAQ,169,2434
,,
UCt_RJKhrQ6qc8Yk9_5he22A,775,439517
,,
UCOVZtzGNgcu46jr2rpbf1AQ,0,0
,,
,,
UCmpqAsqvR9rR8GRL4011pNA,10440,297330
UCGiv_fkY1z1g9_LrG_hTX3Q,2730,45016
UChFAyPTyhGz4WmJZ1raulyw,3,566
UCr5NpAvmw1ZeZtmN1XOfrUA,92,590
UCzUED4bE9HTSruzSqLK2Nww,1,22
UCeaKgVKgvpgTZ1YcalBlgyA,101,740
UCvR5eZF-ZQd59K0QtKO9VAw,602,10663
UCO4ayKVi5oaBMcXbD1p-12Q,366,52
UCOhUvkOITuWWXBWEaVtd1WA,27,791
UC61x1wZ11HI5DtQA-LrEqag,347,901188
,,
UChM8ZmZLM0sFi_ApTMU7LZA,970,1563
,,
UCRyHVvTFw181KRmt5Wsr_HA,19,2339
,,
UCYO-lMSri2GBHn-u1CP0DCQ,107,274
,,
UCKgg5YjyfMJ9-c_BdQK0OZA,150,4651
UCAruH8iB0ZzazHTTgoxQ0EQ,3,33
UCIIhuhVWkPyYxRfKyS0BPaQ,4291,277653
UCOm6q8vEQO64X-uPNY584bg,273,38351
UCjwLhquUlQzLbCVD646Wbjg,128,28300
UCvR2CXXBS3uxZi28hnuIqTg,7029,440917
UCpQkka3yzGu1A1lxy1M0wdg,682,11171
UCSPOyEp-WDXOHiVVH9Ukssg,132,2059
,,
UCmFpv9iCwp6UJDIh7T4JrFQ,0,7
UCdxnV4usoh8W4bXbAEUwLwg,171,275
UCta8sHdIBWyTevRQL-KGChw,889,66405
UC9fbNZB3odChqtU3CRtQ3Kw,32,12851
UClhVGhwGpZAQiEMHLzNxhMg,2742,64932
UCBAvPAWE-lMP3QKl9bN5t_w,238,7043
,,
UCrXqvw7jGddC_6I7Io8sqTA,209,7112
UClbdRL2E-HMwolQxhmqfNIg,1758,2400247
UCmspWC3Hfb0zLab3YGXohOA,16,418
UCGp85STQLSe8lTzRqqmy8zg,0,0
UCTuDHseRjj1UpRsVf77F0Xw,31,438
,,
UCTsacG2qVhfg69382ydYr3g,27,507
,,
UCdegdP7PtpeU91jEZGGFGyg,1088,5600
UCftBQFIemlYBeVlbN2cGYcQ,34,68644
UCtuGAbjOfBcjWJtSa9J7dvA,22,1031
UC4-XAdhQbGNkSzxrHAsKuKg,154,362
UCGtS-INIBpJLzuEGFl6238Q,0,0
UCLdkX7KQO5V0b6wszuDwWgw,1462,24740
UCGL05j6021Jov6Mr96YGWLw,388,5505
,,
,,
UCw43P4qPrG7ARwKwBWrrL_A,8,63
UC0NQvNwt0Zn-B3N2zqo8dtg,487,2024
UC3MkASPJQ7n9CZ2P-SSOItQ,274,215586
UCRG6oIwj13CHooDlbEc-rVw,26,5509
,,
UCBpcIU2Pv2P5v8IDzbcvXmA,1,6128
UCGTIngVTH4Lb_q5TqzGgALA,694,123277
UCqYJxtB5_LUQT-gFLdTys0Q,89,3266
UCIbIB0u3Qm4oO6I-t-KKupA,58,17210
UCFKi4gJKYCCKI7a2kR-Cfng,592,15758
UCBMFynub_vivWqe4v9afbeg,0,182
UCcUYMA3O9LRRlN1yr7t3NsA,1,3
UCqPch3gUxTob3AVPRhXgjaA,697,65409
UC9dnio-WVulwdT-_0zon93g,3,39
UCF6Ie3MLCD7CrFQIQsSkxNw,23,9921
,,
UC550Eflxx9x24EVjkrmgg1g,29,3894
UCVTrV6YY_EN2LaqRb5jbWeg,148,6748
UCx1X9mdm4qpZER9CmwyGS4Q,54,1651
UCVTrV6YY_EN2LaqRb5jbWeg,148,6748
UCKql9QR23r_MII_fDk42-Nw,86,4678
UCVAYAoR9Cmq0GLiyQs1jHXQ,14,833
UCPGiAMRhcU_bD5zzTP5XlPw,3100,488191
UC7t0rCHUOaZNy4Zk-IFcZfw,1863,455151
,,
UClEcBwHoUCrnaFg_8Gi56MQ,265,40790
UCsybZYdfWAaXHRp7iDbPKeg,1689,106056
UCaylz36Dzg4iuiWjBwvbTIw,614,28982
UCfa83uBoIDM9INPCfQLPF6w,11937,737218
UCOWAhtRDutqeBzuFn4v9FIA,26,6879
UCUDKkANM72sxoEQk2uK_fkA,2,16
,,
UCOgMVGavwMawGyKVWrPY6Bw,0,0
UCFdh7MbJ_a_tRB4mfDiUolg,99,613
UCDMnosQ2WDUdA_u9ex7sXaA,35,9438
UCQkKSCbKqOJKow0NjF-gTrw,5189,38669
UCnAlMhcVUi9OdSijhp0N8rA,136,585658
UC3RlariVTtT6nuBwW-OyoJA,8,593
UCc75dTZ5Qr1ZfgLRX9vWFJQ,46,3078
UC-q7RTFlb3o5p9mFMqBrTLQ,21,240
UCAaqgpuNcYg7AEG3bj6gBVg,327,28849
,,
UCgeQk8s_Z-yaA-2jujBQ1fA,169,12491
UCm1oAyI7KXWDzc8a5Vwtg5Q,8,140
,,
UCkkwkPzf4Zo0QpTz9Vz_I5Q,468,33842
UCV2fwy4ROJlTipw6EZFzk1g,89,278395
UCHFsz3MQeyHXP7UzmkGjLTA,5,0
UCpcXYcBB6NzMPMB5BRleDGg,4,3835
UCHV_fRPraLl8DhXhOKKgB8A,565,60
UCve43TmIdDQGOJv9rX6HeEw,0,34
UCS59-x_cEpUiIcb6xRY-QvA,359,374155
UCyFqJL9lHNWTp4cREjqCjFw,1,0
,,
UCKYMmOf9aPu9dXlXVYl36IQ,89,6569
UCN841EyTGDPuGVhy-PLbFkA,30,22316
UCQUSqwJr17MlfhaOtVLDwcQ,362,5851
UCQUSqwJr17MlfhaOtVLDwcQ,362,5851
,,
UCX9jLHTOSxcJsD-7rmtVbJw,17,1685
UCX9jLHTOSxcJsD-7rmtVbJw,17,1685
UCxtFj3NpkXwI5xl7mlW1TGw,584,19908
UCLVW0Zuhc8_9FR3Cd0KzDnQ,868,34747
,,
UCVW2pFCUn40l7GeODVSOLOg,60,3392
UCQIlZh_gl7d0QRO2rmjH_bQ,3,0
UCym2NZ7XNqVYNwJ_-sYed3g,4,0
UCMBHX_W-29gxqrEA18eUZUQ,122,16178
,,
,,
UCtJHB58NOzD1Vn_g5TNW6FQ,458,169094
UCf3f3jefNlsWBchPWKFez7Q,10,201
UCt20JmEszWhTJRYju-uUNhA,56,7718
UC250qcrMjANiDyPwk2xrKdg,672,13377
UCwXymz9cpWfDfDaQTyq23IQ,3,41
UCKbI1g7Hn7y_H00uoSMoH4A,23,1616
UCvB7F4wg9L3ii5Z7yC0hSLA,44843,1400611
UCuaR1sQznAkakKbC2ZJ-Vrg,240,1265
UCtu-B6gBN0opffw7nUnQAvQ,6,11
UCCgu5-KdISmDWtcQeYH8ILQ,10,164
UCCTZz6c2XCJOmVYRzCZFbRg,16,981
UCc_stuqcV3AfCAaot5vJ0PQ,3178,144114
UCmNBkpng_2rtiuCbPZjxHiA,524,3791
UCMSSK4Yb5XgLIHM5Mnm7T-w,3,62
UCieyfZKAq1H5i3_514-k96g,1539,2213
UCJOa4QDRap2sdKRMzH-QNqQ,24,316
UCn5DT3L0FZBQHjaIJpTsnDg,123,0
UCY6rBnFZt9k1CCCnNL9mOIA,28,1764
UCvA3q9haNXYacoFKc0FPdnA,952,59314
UCWuJIkZBhzY5pGtH1lPGchw,2,45
UCYeLRjS55Ava9VbvsuKfEFQ,1512,0
UCH6zPNAYeEN-wvZRzoijezA,113,107
UCdNig0TljU4mkyje_tWLKYQ,13,324
UCJGX7PnQp2yYOjpfQOq94cQ,23,742
UCfzqx8sPjU7d0Ys3FEEGV1Q,0,0
UCOr7INpZ_EFetx4FsrgOc8w,320,27371
UC2gH8MfPW4WKXlfvjd6qnVA,269,28342
UCKvjhcABoD1WaQw2VW0l5rw,1246,67541
UC4ZDUqOe2qq8Aol2EIO7SOw,346,53656
UCiiiW4pgzIlCAisEZyoqqKQ,5,95
UCgFXQ_wUb83ljYxo3lo-oPg,6768,226715
,,
,,
UC0ua5Px9Gm9QBk9whRD420g,20,48063
UCFzMv9NEhBJicXTwAIRxxsQ,114,33368
UC3d53Cbhim0v55Y5OTG8c0A,89,4305
,,
UCF4EdaLf_7etdpYyQoD5pvg,201,1882
UCozkVn2mzerE289CCvlg56g,731,187428
UCEsw6Y25GSAqdQbbfFy-DGw,1513,139269
,,
,,
UCAGzoaaBshpuaSVe-PkQ3Nw,1221,13618
UC7fo0nyxvR1L-XfcBAZRoWg,17,942
,,
UCfGE0GvV4ImybOilUrdG1_A,20,14418
UCBR8-60-B28hp2BmDPdntcQ,14917148,299543617
UCLtagY4oo8dvDps7PpxY2Jw,236,30778
UCdsBLIqKEdKmbZ5icjW9LgA,463,6667
UCzJJw6zJ0LG1HZ6kh_65rwg,62,1541
UCvnKbtOlV46ldDWi62TDY8A,1286,708
,,
UCMAoPXksGwN1EEL3VvYxpZA,12,732
UCrNYRLMhj1BzD647GhHpY0A,19,1162
,,
UCxB64QhEJC5n0ivnO5wY3Rw,22,402
UCTrPtTv4XBZqCspLe_rZUAw,0,0
UCFBunnNVij8OxCk7kGbD5wA,610,2654
UCvCW1JTFUM4_-4WmNe0ZE6A,51,779
UCwTvki3ebTunTcBLYInmqcg,3,0
UClM7COrr348hAi_SSdNslVg,1317,24802
,,
UCshTvhSAMnnuJJr_M4efgyw,110,0
UCElS7C8eq7HWIC0hLx-OF_A,548,1503
UC2gSk3wucVKxBF9lNFaCu7w,10,0
UC_7MnKsgWKoOBhKRkBmvsjA,0,565
UCnRM2prnw8FeRzEeMnjMr0w,0,0
UCQ7201TCwOGxFCXlC4DRehA,6,11132
,,
UC6a1wceDaL1hF3n9aCsGI-w,35,664
UCffqKvwsmYYvTnbcXvllGyA,59,0
,,
UCJqzMFCFPI-kIgTeFL1AZUw,183,51132
UCRvFil0ixZwg-iMjsWPIHig,62,153850
UC4S0hwp4jQGOgRflH7hufHA,7,0
,,
UC9ee1LsGYP55YEvDYFoLhjg,1457,2096
UCkyXqBtBZbLQ4IIFqvNxn4Q,560,89406
UCyGwpBvAwOmPDVsg2Vgy7kw,392,100394
UCDSVG3HUwnLEP8pdeAV8-4g,134,1275
,,
,,
UCq_lJuX5mPwcXlyxMb5EZAw,78,14357
UCLmMLvPHLn0Z4M84Gpgl42g,228,23886
UCMj6H9fAwxJJmIxiq089MkQ,179,6587
UCZ47lkpnG6nvqfdeUB-T0Zg,295,13078
UCN4YNilieoiLA1LHMn456aQ,22,0
UCJ-YxtFSN9NOE_u3XBQSQiA,124,1226
UCzm3XYTbcZqPx1awKzOQ0xw,51,10443
UCv4AUAqUKsGYgGMz49V2PGg,183,12305
UCTijeu8C1JSgxu-n1FguS4Q,610,9856
UC4yAHVxxi3IaiURvkmlTZyA,4975,87987
UCs8PqCmt1L9jRhQsbNtxphw,311,14932
UCnifAn-9_08q8idnBKoEMsg,154,3016
,,
UCTzXQlHJ98FrsUSNAlOBwoA,215,808
UCyf3Yn8I1MOLt3LFAqGPosw,15,666
UCyf3Yn8I1MOLt3LFAqGPosw,15,666
UCtQSB9axHr5v4mS0_N8PGnA,10,139
UCWtA4OJ8dE29-McNC90lqIw,33,982
UC5uS91ROiwn32Qb6a4pLBxg,5,426
UCIBljLGTJkGYTb_JTmZr7Kw,0,112
UC_yUOVetW-JAdAwB7PaD17A,1186,5053
UCkp28Cv6XcmpNkssQF8CA1A,574,2687
UC4lLQHFWXeLMjoYxGrA8Mlw,0,229
UCHL7MquHzxLmZ_yI6NHvqjg,104,29413
UC_oi3__SEUP7P9Xc312hy7g,22046,658163
UCYusz3edzo2J7OexcPTWFAQ,164,2154
UCPpLGu6t53O7WkNx4TtURkg,654,338
UCtnhKeWlg7MyAB2JK8PXL_A,4,72
UCKn2316RXP4nADvqRwICoVQ,6368,6492783
UCSbDUy22tRAeRkWwjpafKMQ,475,5455
UCbnLTK97D5JGzY7aLgbVBXQ,142,2379
UCoFiyKUnHiErA5mUs35zACg,60,11395
UCdcuCOuBK7zK2z9ax4wKyFA,4,216
UCJ4O70gI9aZp7hntM_SjSSQ,147,11777
UCxK0EdDC4Nw62I91gC1ojaw,793,1971
UCFwv2w_SYScMMoXUHfSGSbQ,0,0
UCTTZXXIuTmj5Dcb2UcSm7Ng,52,317
UCp_rXrE4hJ6uZRhe2nJcPzg,0,0
UCuruqdafgYJQkavHw-8C49A,5,279
UCSrCp4Rfb0NcJf0Jhr8dR-g,549,14280
,,
UCToy7GzwkD8v6hjBO98tnSA,144,3999
,,
UChOgFZKIbGHv7vKRcCaLacg,79,10289
UC_xsnSeOT-Uj10Qrxno5t-g,2,25
UCGdJ1CCaI0dTCVIgdAWjRZg,59,1440
UCNEjZPYKwefhqMCfDc8ETPg,687,55707
UC6Yjy9lD7A-3KZmWRtkaVgA,31,1614
,,
UCBPdz6832uDWdMlwzaiETqA,198,5357
UCzcfT2nlfxdESCtjPNXxIAA,45,2844
,,
,,
UCTbCHRdPoiPmCnuvTs15AIw,0,2937
,,
UC4DJ0OVz__ez2mbnbL0nYaQ,7,490
,,
UCWSjmpx5oZDTbGzhnFN0zCA,83,5622
UC35Svsji91V8Zt3tPUXH0-w,22,435
,,
UC5_PNvUg4qWd_upfjC4VCbQ,2,1785
UCFVVPDCZ2mgnr8dczcYKLKw,347,105971
UCxsit_r0tk9t95WjI73V2Og,1,148
,,
UCNNmHQRJC6q2iapg97OQ90g,1496,8574
UCRk0SmAOlKwUp2SIJvkn4-Q,2396,90844
UCjsesG2pIesyazNQc9aSTNQ,385,65676
UC7mpB-tKdfQasFT8qXmvbMQ,278,13701
UCM4VqXcSiwIby0EM-fSTRYQ,17,1656
UCLx5cW1ZHQCEPf0guB0uK5g,1,185
UCEWYm2gwXz9mCFg_i6oitSQ,0,15365
UCeG3hLOa0WcWzYkEUnsbquw,254,3374
,,
UCPqSCsOF-xois6VtRdISO5w,722,81410
UCJfDIrNDsAeFoug3oh3f1vg,6617,501289
UCv7bL93EDyLfbJl53xRy1Uw,685,132
UCJwG4UNVTmWzw5M42xZErpQ,21,346
,,
UCDNAc5T4DxSmD7kmYlxVZ0Q,278,5018
UCBuIgX8vrSJ-gV0HABVyrQA,16372,1368835
UCijZHhABoP-9tj1VfqQLaCg,5,436
,,
UC4XR1gvL9hQBdFMjzbDUhTA,44,5455
UC5k0GGZxE2rhdYStOTFWjvA,162,42363
UCIeidDerrOpaDThFO43dnlQ,1117,26181
UCOS_64BEZvSTMyYl-vvopBg,75,2888
,,
UCmVI1AbmwGq5qnYbPMl7B0Q,25,401
,,
UCgf8kRLbc-ADLJGdVX_oJEg,59,10599
UChDoJSEhMang2CSS8QJinyA,7,389
UCc4D_xflbSn6GmGZJU8eLZQ,1514,2481830
UCmMQXjd-8hEsMZeT8IFFtPQ,0,0
,,
UC6hdq5V-7Wf-1dHyvDS7qLA,1869,4266
,,
UCW8KMsZz4TqNS786LaGZePg,103,0
UC1WVALFkRM3pCooSIWCYrFg,278,57246
UCKa0JBGPGodOQFGLY28dlmg,169,8046
UC-0romx52pcR7-Nh09u-4yg,2,5
UCdyhpBb0VaCfi9EGRnv65dg,0,4018
UCPrjnzbeapFPi41ZXzJ80NQ,3787,279778
,,
,,
UCdo7LJaMZM2vS5u_BVLt-aw,154,715
UC1_zB-H6jD2nH9_pYmLEFsQ,1004,17971
UClW1qszaP6pAmjsPcM_kRhw,2395,59011
UCEiUfeH1SNYR1c329zCt8Og,2637,100438
UCL4jdYcgEKspmlJrqQng8Cw,679,10490
UCPXJq4jspqSnKpalsjp0sGg,7115,467482
,,
UC0ymwXz8-_p-9lyJ0NpdTNg,437,3319
,,
UCybSjRGn6O1y6O4dID6JNmQ,34,7038
UCgJmAXh7qqgbZ8eY37Lyutg,16,577
UCAaLJo0Epsx9iHFpLndjazQ,3933,146056
UCzdR3l9H5iphwv9l677vUVw,196,7933
UCQbR72o_3Yhlq9x9910pd9w,4,75
UCpocxeTgnCP4MMhzOfkzfGA,384,13822
UClYuZwrtXKe8it79UHAIvrw,36,5134
UCrcOWZ85B5X25Eryzp7y5zA,254,174286
UCnWoZzXb5bAeWX-JJQOq9uw,15,205
UCOzmonnRJ860H2hwYkyDjIg,21,58
UCQoBGTnv9bMF85ZXjHxTsig,23,806
UCOxN9MQSnhTVAD0UCJFSUgA,240,1312
UCKhHHNhtPtLU21TLmlFCE6g,2813,13351
UCvV08rajbhJeR2D7fJywGHg,498,8471
UCFOOK2YvaYrWR5EmBN3qsYQ,4,0
UCBeR__AJGbyowuOsCFiShaw,32,818
UCKRQR1aFat6ZFj1dkhVHbJw,19,4285
UCxIMUpmvdUGpAeCTBhR0RSw,7,39
UCaSF-inuRYKdIa0bQxRwpFw,1,217
,,
,,
UC4OPG1Gyhne0kv_-C2Adthw,63,19426
UC088XDgirgsPyVsCFeOl6Ag,77,6266
UCVVFMIiyqHCG8tgPip4m0wA,159,3707
UCkRw-bGsNHkM9xP5zLa8cvg,77,462
UCkVyk3pgft2p8TRhwjppkmQ,32,404
UCyUdLfG9eijbEfN7-6peXGA,126,430
UCRh6gyhCMu1H-gJXc4-aCmw,6,60
UCh9hUXNg_wsfWGoH-NrMoGA,1071,25809
UCHEVfop0q8ZY3zpuurrwONw,72,5802
UCJ3-bdy1HGBrypAwI4eSvAg,109,6409
,,
,,
,,
,,
UCKCbW5zbdTJSMlMNwf4jUeQ,33,6390
,,
UCa_P34n9PUzo44rCPA9OyQQ,218,3020
UCI6MqRCW2KeZLtO9NiiUzcA,32,2533
,,
UCLY9xSNkelnifilskiyDwTg,9,576
UCmtN9KRQkRH6mP5YTsrIT_w,0,0
UCVzEacTWWgZZV4B_S4RUjFw,106,3999
UCEwL92fVPqCdyHtsInIK1lg,213,394
,,
UCK_p9ssZHBkeaa_ODYkQ8Iw,11,235
UCPyeHy-4Oyxx4FIeb9vyGEQ,77,30
UCJ5kwJ5lqDxhg3PGdjbgDtg,592,4294
UClk4v3pUCO7Egq4LHIWyt2g,259,2940
UCGmnsW623G1r-Chmo5RB4Yw,1281017,137718541
UCyeVfsThIHM_mEZq7YXIQSQ,337409,6225061
UCS69XF-2-X61EwvoJQBk0wQ,27,5144
UCgbHJENV6UgIZl1Rp_GXCfw,13031,10790770
UCq6MB48sZic4n-2qn1NTLWg,1541,2230433
UCSTVpRrmDH4k9kVMoYuEBYQ,113,195171
,,
UC1U6Syu2w6INCwK-fYLYthw,979,34298
UCe_2mpvu9nZ3ByH8ASd6evQ,2025,22058
,,
UCUIpA-gCYZLJUn26FJxeOUw,56,1504
UCuBVTXoToUe80Wcvtg8qG5g,16,66
,,
UCLiUf7WFmwd1cayECiCQRNg,18182,3212217
UC-qAOHm0nYsVaoQAQ3Jyf-Q,929,27954
UCgbHJENV6UgIZl1Rp_GXCfw,13031,10790770
UC1KqZpZMvnh0Do1BFHGjnCg,8,154
,,
UCKkOkoXKHgy9ZfCDw-Xb05g,0,0
UCm5H_bYYTdn5uiyVps74X1w,101,33042
UC-qoXmXjgL0TUnTTqZJXgPg,124,2627
UCZFPFIqVruNrnDponS_3JCg,342,4860
UCZRNUz8pheXZ8rM5IXWVH2g,934,164119
,,
UCwIbYa51z7-Cu3jbrfxk-2Q,200,2091
UC1qRRWsZr28pfzLx4ujaZnw,121,27279
UCoCztgnKW9dOjWX7MFKyGVQ,30,508
UCQq2ejlUys7-OreD27mu72w,15,2508
,,
UCwWkADShTexI9uKEdZ56Cfw,1256,27436
UCxL_Q72YiyQJQlu4FB3jxZg,1452,516
,,
UC0gfudfsXzbZo43OEGqQjXg,59,1894
UCRhdlyKSBciZGP0f5E7jVlw,2,33
UCYvXTPY_CTdHRWX2l0VpCQA,934,4143
UCHbDWHYjx-E9_S67fUaswKQ,17,556
UCkyE54l9vV5aphg9bZWsGuA,41,1503
UCNsceAWACye1lhf_mBhbNGQ,164,846
UCfrpRl_WlPw2a3dna8Q9cAQ,81,2367
UC6vOiAbgOgg6ItFI2K7tLiA,26,1341
UCiGhtjgKa2y4GC_aSHMyZHg,147,844
,,
UCtCkMnncn9ZsnFqIKwHnXGg,459,0
,,
,,
UCX2-ji5PjYOC4ysc_n3WBMA,0,0
UC3nDgwXFgt6YIgSmlRKvTwg,213,3013
UCkW_lX-8wzI1VeyrN7WPWNQ,72,85937
UCxdxpoWT04adC3YJAiZf4ew,257,4049
UCSDKIXrQJ2lvPclOecn2NcA,181,30751
UC1CZpflmxO2yRBJ29PEHOcQ,36,4124
UCLYR8oBhTDeWCcGTtPbvSOw,11,174
UCMmG2XUD90gsG61fKVymckw,1207,129480
UCiHPHL-X6ZNaEhAWa3IeaKQ,27,0
UCk9e9ZDA33nhpv_0Ezi4uxw,35,2423
UCDF_jEd9rSkQx4vjcF33-MA,84,2120
,,
UCQ8300gltiLeopenOBuWajA,0,0
UCukCBCzX-nZ11nXNHXkaO9Q,389,0
UCd2q4CZXEb0eXc_4eEwlygQ,51,996
UC8FLoONt32-TD2VF13IVMvg,578,19722
UC1Y0NmVbRhE9DDgq8p-c9eA,382,1522
UCE_MSbtRFjUrZQT8nGUvrbA,470,656016
UCxWf1tRZ7Q1oX5JS4hTHLUA,142,4954
UCC2077FTWvGdNxkV_WRBFcg,178,19803
,,
UCjMNFiTKl__IpNIoNegcybA,131,2051
UC0Xs-Aly3nfjoduYzR5tsLg,3,115
UCKAzA7oYBCAs0KfO22j8VBw,3179,539082
UCjTQ9tJiZq2wsHlMWLlBZzw,110,2654
UCjhmipCxCCh_azEsFdPtq_A,171,0
,,
UCVozdykZjUl_6gRklb0B1tg,38,1268
UCyvkcYSN_3tCV0yTzAuQjfA,106,170324
UC6OEaFXkXSrDqnXR23XrOmQ,608,3874
UC_GX02zgYvu0mf-75cQ0_JA,8,2118
,,
UCTgeOIU7hJIIYEpN6y7GBQA,75,32087
UCNIboC1lC-Zts3iyp6dUoTg,567,81877
UCLYR8oBhTDeWCcGTtPbvSOw,11,174
,,
UCZXkBackYInVNMIWECNGIqQ,145,160534
UCqVX2VLgAAK_aTrcAPaf6sw,45728,19129602
UC9F3WFnHYDjKhBOcsLdNkOA,253,17075
,,
UCArfOBP3pAHscQjrNDYwXCA,21,505
UCHbUc28rq1oghUtrpTh-XGA,2607,83484
UCK7JvvZp6Wvk3ZzIFjmAOow,359,28082
UCB_PYts6J9ZYD_AhtlKyoHA,162,52491
,,
UCV8YwNNFW2A5iKYtzE9Wwkg,4,786
,,
UC87bZAULJF99FKiDqJNPnhw,37,1429
,,
UCnQviYlXnPa_qAn0NX0ph_A,4,115
UCI0SGcexdhRfeGbMibSQyJQ,134,0
UC77SVND9mGvFbxIcSccnElQ,184,358
UCBRhX2fcp1olJzFlnLchrew,14,6244
UCkiFudkB56dUkDtKRUk0FZw,390,15669
UCOejPhcNeEoZLr5Pw2bpC8Q,44,3154
UC9jzX9k84TuUD-DO83OCnww,2716,139434
UCvEVDyH4CiNCHPgKI8LCYDg,77,1486
UCZHyLQRH6s3wSczNtXtUtmA,124,30149
,,
UChrqDO6pX6vRvY2Rm9wAwug,674,38913
UCEDPV9eJdFHnUH1N-KjQ8yg,778,49459
UCnihX8l5pA9kvYxxzxulW1Q,604,16947
,,
UCsMX_snCvRTdsw9q7u0xuLw,29,1744
UCxUfnyIYCboP17P3oABRngg,65,1668
,,
UClicrPExhjI9Uzsc3C1gC5g,30,347436
UCO3nYUm-pvduHOJKZGNsQEQ,220,6087
UCLlxrKZc5xdzyim-HqaJOtw,53,1162
UCN74F1geIE_vswPQ_yX0Fmg,20,343
UCHHpGMJp8OErx8AgemI_OZg,45,27277
UCfUuduEVuKS5sxnwBgGTv7A,288,222278
UCys4lCefRFou9CZacmZ5fLA,145,21908
UCvfhl7pbgWZT2naZdM-Jv4Q,142,1362
UCWqaHQLxePqyPa2y1dNEJMg,28,2525
UCst9qKiryzkNhYyHKmK1h7g,6,388
,,
UCVOZ_lm9MKHIMxr6w54z13w,719,6472
UCfxNUhfm4M2yu-NRooUH7Ug,1475,68798
UCIcgY3s1AgjhV6qAlNsVukw,99,210305
UCQUvzRyZgj3xZwZ_hNFfP_Q,7711,37814
,,
UCywwV_fJhvFktk69vi3BZaA,823,17412
UCV-HLO26CEzJXzJtW4lAfFw,1007,1325141
UCN8X5TtW5JpqMGbyERC3ZBg,2412,601848
UCSCA49u8qgjIEsmCvrFDgYw,68,727
UCjxCSY9WJrc908b6-Mp1q3A,14,2074
UCnbsoRjJCzP2eiHKIC0WMQQ,551,73807
UCUGyq_NeieAMJsjJmPnDnFA,240,3946
,,
UCgFL6OaryWW8lVF9LsgoKyA,55788,0
,,
UC9DmKSlrlmRoJ6L9-fB44eQ,430,23647
UC81zlF0eSteNPzbIH4pcF8Q,55,1433
,,
UCej_QSIY_4xDcI8q2mXwidg,1,0
UCaviiPv-99IvryDytdzDXXg,133,17198
UCxM8wbqa4DyxNFLmLbPRc3g,46,613
,,
,,
,,
UCTpRANnm-OPOfJ64h_F5b9w,2758,48368
UCeM0xCLWO0win6izZTfgA9w,2339,2882
UCAy2xwbKmNJEfUk2mtv86iw,75,9795
UCdrjLrQh5n73wphfK1EF42w,150,7274
UClqZTV3UDImliLEk-Cc2xDA,2008,46225
UCBsBMkapE1UySdeKlosdy1g,597,214276
,,
,,
UCOy6RD0MsGuMEU1Y21mJyBw,77,3324
UC5HP4oYs-D4jymteCXAuQNg,246,1641
,,
UC_cnxQ-YZE-P-p-mbUKWnNQ,491,23663
UCn2smMbJBEJNo1ftggULOmA,79,15571
,,
UCcpnffAZ1E-4bnHtT8XK7lg,6,350
UCtpmq5KDh2jcVPjNne1BuwQ,1356,196218
UCwOUykkxQnWwihnmMeDX8Eg,627,33361
UCM7PcMQMt6ONHCO9J9gXtjg,4,18
UCnMCjo3dbc6tKvKxEvYYOQg,18,366
UCGlnpftzRXpyvpseWY2kNaQ,11,240
UCA53FyUUIDjSBdMQ7z3mBxA,230,8598
UCREJzfYF6Nok4Da__RTz_Vw,18,71
UCyNHRPo5SScly-KTxXT4Z0A,34,1590
UCTL9849jFHyEZS0_W52hvDQ,1,92
UCyuPZOq1vQTrdV9ffxQzlCg,191,2437
UCad75V6Y7jVeD3WFvBjZGzg,4058,178411
,,
UCT9tLJJoDS_bvSACYWJcKyA,231,5622
UCppD_ti7WEdkLw_Tb6ne6og,148,1119
UCrG2R0d5tyHRZ243393_Ncg,2,80
UC-ntY8_uaXeYpFSEKRGCqGw,9,1308
UCNZClQG4AFmj-zepIqsWIlw,2,167
UCnageuiKR0osMgObswkfq8g,7,7
UCVCuiG2yOCOU7jzQkTmBSbQ,317,41902
UCDs8kYIejL0cQfHUGlbX1hQ,73,78851
UCKBDp-vWYFgxvJf6mlwEj0A,101,6715
UC6ehZ_3qaWfBZ0hLyoyyoZQ,235,5491
UCNgWtwMG9SI5T8bT5tCnRSQ,134,5092
UC3P4offei11nfVWdpspHnBg,372,22089
,,
,,
UCO9tKfOXgb_0ixu0hERrEkQ,39,1635
UCtdsvImqqfaFOUhSDHIgDdw,3,92
UCoIm840dA3ywf1gTURUqkbw,23264,28733692
UC1v_itEKYytDeMpRBp_oMcA,19,32951
UC051MAuV-wcpcDcxqF-mIxQ,41,338
UCHnXPcCgiuH166-ms5OUBNA,132,36845
UC01hBGSt2N_PivhEDM6UxLQ,0,0
UCf3JAgb7W6tFZw0xFJmvWxQ,166,35454
UCkOFQyaYESIrrmo0Kayz3wg,232,57404
UCqyflQg85HbmR9st_qzrXLA,2302,108032
UCU1BBlajd6we5iiCEvPotJw,18,7431
UC93JVqzbq4gK_tHie_H00fw,12,258
UCTiMfa6E3wUhYJozyfCHyZQ,481,869269
UCZMGc8zXpNua-oIUPxW7AvA,645,34264
,,
UCRDaMCjRQ_d4xS0hhrWmCcg,138,1123
UCEwbJJ2uEozUtY6qiojVllg,1,0
,,
UCzVcrx71agxQK42JrObOj9g,46,1229
UCaI2kSiHyWRCa7XfcTIS95Q,124,28212
UCmWabXutaxF4YLfyOtK96nQ,30,625
UCUryxgnwfoHKFX9XBwruJEw,45,12876
UCtqH2Et1l7RJ-__Yk6iOZfA,13,14806
UCpxeoMM0mJldNb2qGxxoI8g,0,54
UCrsXIx82_jA0JUTTN4JkO8w,3453,968761
,,
UCY7B8YXgVNWqOc2WVopBPvw,17,337
UCZsLyxras49Nb4uCn8jC1iw,27,2030
UCVMKpVyT01CM-RnFUrZEySg,27,1804
UCXlF4VoPOWGpONJ99Vmar6g,194,798
UCGo0I22u-8dAxJHQE4M13BA,1462,756273
,,
UCU4UGYZJ_vL6MCUD7LNs4VA,540,15845
UC_jB-Y6Nh_wj8fndtr_skUA,4987,136677
UCHgri9DfSoofauzMn-qRK9A,3157,1264460
UClRiIfSMc1u8OU8WdeUlWVQ,29,748
UCz2bFFzRTFM55_sGPXAhMHg,3,0
UCHlvUFVzFIvdWdd-BFilOvQ,53,114
UC_IoMLMqguNDgMuDXarIjpw,104,6682
UCRDgvph93pHYy8ny9LzRdmA,19,2357
UC1sKaSp3ZJ3nddrdeKAXQuw,5,0
UCV7bBha8ALNSYb-Cco1xzaw,17,0
UCafPxovH7lmSDS6qPu72uHA,423,7267
UCS28vPlUASOaT1zzEfaJO6Q,726,108049
UCBvmvUd1u4f4ia9foHaSDTg,28477,2130873
,,
UCAnzYp89qz3IEJYwwhMOw4g,28,493
UCMCj2Ejrm7BWeAXTmrgefVQ,448,6641
UCmXH6CX_juGwNFTj3PESdoA,23049,6775586
UCKoTj9Muy4PwSnkBHeYlIpw,266,4365
UC35sEdVMhMsYuszdBw3Qi8g,0,3765
,,
UCamzKaM4tFXZCDojYBZDfhA,356,1270
UCXOtQfl7UmtNv8iVS-EQY0g,115,11892
UCyyae-E183s8lgx4cUCyr8A,33,2709
UClp28s3At41qZZvtGzrTpSw,140,1355
UCYaolQvE2Uba34kzIZ1mhaA,202,25120
UCrtDLxd9XseavJGeQ8XYr_g,94,91809
UCuxZXPsERrmJ1JS0SNFTxJA,733,22975
UCbQpgmN1f0AxSYNpG9jusVQ,276,2714
UC_6iL4FdE5bf25mzC7LMj_Q,4,19
UCu8y2854pZRUztkkW_TjjPg,1467,42371
UCPPhGDa1Ob0lPWBfUraofIQ,59,73968
UCPEiBV8oENWsJjOnnepuT1w,705,18740
UCJSvPjHrj2YJxxes4mOQVgQ,2200,244710
UCtCkMnncn9ZsnFqIKwHnXGg,459,0
UCW4ClKZ_83W66_qYnF7yrcg,1830,1440628
,,
UCmeRoiZwmN1LSbESQbg4pJg,31,0
UCD6CwTxfGfK13-MxsEfUrng,2814,1767503
UCEM0XWAU75wiG-m3zA2Vz4A,192,7154
UCY3omIj91hFrX064kVP-Vcw,63,4552
UCzQdfYXUx8y-tRRrRAhRXZw,23,1664
UCtsh_dm8JyRCYlSya1AImmg,86,449
UCuY7g3VCs5jFMFvOSdvxcLw,1138,69169
UC1foS9gAJ8FhVZKf8tfi0Ew,1234,599618
UCtBbE50i6BKOcbj5jG8jKFg,14,879
,,
,,
UCCJcjcaX8YT1DsL858RrlmA,365,13456
UCJDe0K79ajytfKcSQjNTz5Q,39,5344
UCzFARj_r1KLFczLQpFhQFng,16,11619
,,
,,
UCyhlLLmbW0Tl8SbbbtoLILA,2,53
UCJQhAr7CgKZTRmukuDwmceQ,29,6236
UCHfjyNGKirvuxR5f3MFshuQ,47,13774
,,
UC832056me6MfHslI3zb_0xA,76,8785
UCs5Rhg6Lc495LhY9WU70seQ,94,5224
,,
UC_F8UHie-yhcE-yYh2vsj_Q,124,5409
UCdEGaf85qnb0Ms5rMF2yJMg,19925,601182
,,
UC-ZEZ_cgwVbfFyH6GYvy2sg,698,221154
UCGdRMvWQ1zH8kEkkq6IYI6A,25,1020
UC6pg6MIYinewwO039-ciwow,59,42510
,,
UCyNHRPo5SScly-KTxXT4Z0A,34,1590
UCNTjN8o6Y1ShCrcgD-K2QnQ,84,11248
UCit65PGkXLZysyA1Wf4KZoQ,2195,40294
UCdQ74hh6t-DUSx36A1vD_tA,43,117
UCQ6LSWx1EjvDiLC4MZuCJnA,2513,2333977
UCAx2JnYtm5ZDWDh4_W5_OtA,10,297
UC2tckZNjXsOzJkicjU8f4qQ,24,779
,,
UC2tao67uY7tLKDdY-bShDRg,350,60973
,,
UCXzo_hQFt7cT6n-P5ahQM-g,34,6781
UCTCyMPAZMtrymhXHz0a5fEg,37,1722
UCnz4jomaRs38ke8OHxmqikQ,1057,34997
UCNOq5QJmZXNQRbV7TNJJztw,67,28459
UCIfdslt2CKtViEho59focZQ,51,641
UC3FA9bDEGD7_Yrfo68TrHrQ,1211,22669
UCUuTfeqZJrANNWygMCw2IQQ,2696,139978
UCANYelsKyDxRM7NSEz6aj2A,276,53443
,,
UCrxH_2xgNqny9Ake3S87n0w,33,364
UCDIXBFfF9779Gcs4o_nsq5g,1455,6764
UCwujAbB3oWPSt8Wewe8ZS8w,58,2079
UC0-TJEQUp2_BHhvXoOLMadA,373,59952
UCCAyt_qmg1m9Dqy88E2KNsw,1736,119678
,,
UC8-OR4ysKZWECrgnp5Rrkig,3,34
UCqHlIHKg3NVuvlR2KB34dRw,81,6498
UCX3utLGBSBDtWpQ0CdKzlOg,871,30008
UC_CxPquHFk0j1Ek9Nz-8mKg,534,180525
UCkHazFZcircA6fggTKQ8KIg,149,16022
UCAeBpGwHeUj4gSrnaz9AAxg,731,227225
UC1MRnGktk4ejAVrdMufcisA,329,98763
UC7qacu--is8fHJPEFLsuL_g,373,9844
UCL8o6RLIxtia92LBW8Fyz-A,69,1242
UC25DPadQCTxW0ofq83n6hJg,9564,1197831
UC1QdRGEJZKnKLkzCgSpNgwQ,345,17835
UC5PbVVWzyCMrXRwGDqcTn1g,714,191719
UCOsAANIlEDE7Ei92z-GYK8w,60,9473
UCaVXs3y-fu8sA5IsEXcnghQ,221,10022
UCv4XwyzZvanAlVmULNol4mw,3818,6936050
UCtAzitluifLNilsn37vLKqw,507,142763
UCzmEStdgAW25tM8sXECSBlA,519,38677
UCksw2przPSw6x0ViJ1ZxBMQ,53,7253
UCBrwxGQSrNJaBq5QU7zJW8w,1107,59186
UCCnmgt2nwnhEEb-5W_GXvUw,24,413
UClJ923U3wiQKWRrR7pD7q_w,4464,481092
UCs14hAT3LFZ4yhvimwEC90Q,16,525
UCTacYL2vzlgkqmqOUqNyZHw,465,23489
UCkzNmySdh-Fp0Xl9T34EgvA,2993,37367
,,
UCgwHkD-OTUyle-QE7nGUKVA,621,172152
UCzm6mSuNJE2CszxbVvjJ1GQ,91,37144
UCT8kB22g1BxqWYSZwr5oc1Q,2502,859587
,,
UC9ijotAmc8YpGzpivdSydwA,16,42052
UCH8ZGX2OEfkrsxDyYQT8WmA,157,244661
UC1sKaSp3ZJ3nddrdeKAXQuw,5,0
UCzdOfJfOxmvgR6d8TtTwNyw,77,109174
,,
UCqxOjrpINgPI0B-8atS_XHA,166,20355
UCajLHhinyEMkdwPwqmA3PZg,105,1909
,,
UCndCUNydKrtlA_aYssX0UcA,1,94
,,
UCoIgpIBcAmnIst_q2JgLNhg,3385,2047520
UCGDZPKrRhzhHvMjA8XA4g1w,11285,6421924
UCsVs0Sy-hOrs7LnZ926dW5g,4731,7281
UCkMFg9r_A0GwvD5bP2dCNRg,436,262944
,,
UCj8IEH-pSJU8_xEN31K5nKw,128394,2794124
UCS9skTdxcfV0s5k15s8IHEA,948,219367
UConbwIADBIj5NaI-yqvV3Zw,45,3499
UCVJwOaCL9hkXcOnwBrpCpFQ,42,619
UCEsqFrsL7kWTNCFy4ismlTw,158,491
UCRGfEQqCK7sLn89SHDXl6YA,3854,117481
UCbDYYnZ8n4wDjxMoQVnXXVQ,22,1371
UCloV-6RxJhQ3fqHKpxofwmQ,7,79
UCjrwYzl5XIYPRzL1-FXXrSw,9,55004
,,
UCqqG9ZOxuaEDTo1BLib_XRw,646,438
UC31BBcu-7nwOBp80Fov01Dw,310,113807
UCoHSoFUp0XyFpZMIF5Gh5XQ,95,21712
UC867ZmzIrBSoGSAO7VwS59g,50,23308
UCZTqRQYguJre4_fwluoJhUA,16549,1474469
UCykhPENlQZhNKfAumXXuN8w,497,664470
UCSOZGDFnSJ77YvMqfg3R2vA,3,100
,,
UC8ZJYbyP5ozatw7wYN-EwVw,155,19115
,,
UC_c6yfqk6sG5M1P9h34r6ww,62,358
UCpG8NSTmRV4t4LnTQ-DLfJA,2388,2787258
UC-_fOTKOiBJ_bpje5rv9IvA,26,0
UClI3s8aK9XG6xIYM_LiURjw,2443,595033
UC69QTS1koo-GPzF7FNjPLiQ,62,1893
UCZBLHRMYDcSgFiZWufDckZg,560,58174
UCQaDa_HUcqI9GHq49mNkrJA,811,102950
UCFcR_BtlrrcgeH1ajfWxT5Q,0,0
UCc74Ph1jCzGrIqYElbN6Qig,19519,5371011
,,
UCUCyEeuLwZ_0mBpbh0WduSA,759,58338
UCbVSPgStA4CF9p3J18RF7oA,223,1070
UCZLBmjpU32AFY7hUdYS7yPg,24,27155
UCAfNScUxmpioNmoSttFlHPw,74,2071
UC8rNKrqBxJqL9izOOMxBJtw,1973177,383909252
UC-EnJZGFU9-boA_ZH_bSd6w,26,28417
UCsQv6jqZuFDNLwpLRdT50ew,317,11427
UCPBOntmOvz0sc1QwyASBumg,266,54392
UCahJMlevTFDcoVIrA8BAgag,374,8026
,,
UCegZc6OLKzfeHKMpiSBgm2A,282,2303829
UCRBxsVoWONBvQxFRcwEVaag,137,26499
UC_XTHJj6kvnXkgwTT6FXYIQ,241,18101
UCp-X_1undpAew5i3likFLEw,84,979
UCBG4rqCrZSvUsgdoAC-hu0w,16513,21413089
UCIAB7x6dWKyi7G3OHu_1pXA,2353,0
UCXdBpQ2ueixAdAY16ShNW4A,98,2942
UChVe4g0X25bd0PJjvA9hPRA,18,1132
UCeiqroVP2UqTIOM2fEyaiSw,88,1341
,,
UCFiaXLhxBJgTE5gxYogbf1A,1392,557774
UC_7qUbbVV4BDyVfBcVlcoFw,14,232
UCwXqN-shEJ4Jifp-XMczZGw,250,3768
UC3vi_caROfPbKgHBAdBlEvA,56,1257
UCSPTXDv-syVRpSdRa0JJWsg,34,4980
UCDe9nCHulM30tow6Nl_UlLQ,91,15897
UCqXUrUjuh6bhP3LF90ueQlw,285,107609
UC4QDIHu2qK4hY8Pxmjgv69g,23227,2049682
,,
UCn05qrpCigTWKgjZ7IUfEjQ,384,134864
UCGw3IJCQmYNBcHjo32qwQxA,19,326
UC8sz0lPO322XsIG9FVypsqQ,590,269640
,,
UCMOWptOXGrp4iqmIbeqFg8A,2089,400411
UCLacegpII8lLfTgovDdmCOQ,6272,913983
UCH-ZUVE8vw44je_lwObnyfA,0,0
UCzg46CaDCQBc5q0DPZnw1jw,164,21644
UCI9QivEPYQnoKaJtbHXmR5w,264,27847
UCK9_x1DImhU-eolIay5rb2Q,8286,1372426
UCAOJwEyntqlXYArWpUV4e6w,206,15435
UCg0QkDyo9weDmtHBuDiunAA,126,189
UCXIvw0lyq4-QlHgPCzEE-Lg,166,7678
UCrXX9SyWXOKbf1kGlDORkuw,11,39
UCU2Ij3bQ0YgN1fYHWsx6Zdw,101,25313
UCyiW-IsStnKSysC3SDmYSqQ,28,2323
UC2lJPgRa6PeDNLUqlCCmDAQ,6934,4233130
UCJ5sTGUwC5SL5YlU0bmLyoA,0,0
UCY899X7bSsBzeKpwa-heFww,105,54343
,,
,,
UCdWTFddLt4cFbCf-iSg5Ppg,519,326967
,,
UCRlc3zElvF8ucbk28aRNx7w,1304,1043025
,,
,,
,,
UCLZAunMYmLvhzMpwX9oy6bA,472,12624
UCOlwB9FZHl9hu20L7PuYteA,18,1330
UCBOkrxIuwG3SSRGrQHU19zw,23,269539
UCelVbbmAvwMhJyst_ESbBrw,0,0
,,
,,
UCHJFQYLLazMWclgL0Eljfmw,23,822
UCmyzLsTzAjASD_5xPEUIjag,2106,416549
UCD852daGM0Z7QnjmQjmBz6A,1220,0
UC-etsnHyDkIqNpBHrGcimfQ,26,2148
UCOXBioNbP7oo3JxNfWXZl8Q,12257,592114
,,
UCc1CpdwY-buDpqwLvQV9W6Q,294,2586
UCOk6tZTkF2CMlUkGk44Kslg,38,7808
,,
UCLdcoDrsW0RypzH8wApysLA,55,28939
,,
UCp_pkNU1V60Lr8rLSkxF6ag,5,2138
UCiYTSf98MuHMbD06uL6qDWA,0,0
UCidmdwrCsihTCVC4vwGr7Bg,262,78779
UCJBUlEOUugclvaIbxs_XXEw,0,0
UCHmMCUOqlwwsFvsy4AANVVA,346,74254
UCbx6pClCMGeTTWydbGR9zzA,282383,409986580
UC9pkBzvO3iqqlB639qKXLIA,82,2881
UCdmxgR9oSMviVM3QxSxvqhg,7,4965
UCnVUiRyso0DxTzLzzW_0uMg,49,3257
UCcc-f3-bFOw6CoCNXDqgpmA,5,655
UCWc6RNWb9H1byfoCT4xK0Fg,1,0
UC7YT6MSwsYMqimLqF8UIsSg,0,271
UCQ8YT2bxxgP6LujOevDWL5g,183,7680
UCCdhhMRZJ1um1P4ECbeaTWw,4,0
,,
UCzBPjgDWpRTF6ju3zdejpiQ,1487,3352314
UC49OqnouVMzGzz2AI0kXqow,47656,290601
UCNNmHQRJC6q2iapg97OQ90g,1496,8574
UCi94Vp__dGBL4w8n3jP2icw,436,153300
UCFGxGDiGt8_fSMClYOWB9mw,362,262578
UCLh_OHkXwSaKC1PTD49aqvA,35,1324
,,
UCgW_1SN6-MKZuWerQs4hO2g,0,0
UCVECSBQPR_dfYL-tSLxb5AA,27,201
UCftE1TrIbb9xnL10L7fnJEg,26,330
UC30nUKSvqf_ovkWSVJYk8TQ,12,13285
UCPkJFji1PvdMu6ElwvTCTNw,127,19841
UCk_iYnj4JxvFEb_prLBmULg,270,2179
,,
UC4_INI2OmoL5NEgSy5AyzGA,212,10707
UCsfir6QpdclUeaEoIHGqoAw,169,10650
UCbY_lusACs7AQ4XGOmwe3CA,5,57
UC-c-kQomF1kZt6-JCoccZoA,194,34820
UC_9D9IKPZkNmjl07WYmaQ6w,9,27357
UCcWG9aOjmV8DwwOCgK7Zzpg,2198,22343
UCsxkqwnWUaz5-AZWa9tFzhQ,2935,298509
UC72CyD1cNzKFXcoLMatgdkA,86,7823
,,
UCPr0yNBhPbDzaKuAb3EqIVQ,18,7890
,,
UCuMKkUJ7waG3UgDbL5_29bA,73,1582
UC-UuQWqINogK6e9JqIfUI6Q,678,40374
UCw8fLvUOlR3LNwwnehbNAOA,1429,26535
,,
UCl4g2Dyddrm12i208XNxSGg,176,39183
UChtZQruIDBCQSfZzimsj6Vw,7992,550412
UCa43CVtXGQityULTSlogAQg,168,8687
UCg3LIlfmU2sgJHJixTerOgQ,152,6112
,,
UC0HfZqKGQomiN8pPnoniGRg,13881,644799
UC-HRc4tbPK98q0_MLHWAY_Q,22,974
UCwsdzQwHfCmCftJwFl1DC1w,230,138422
UCbd5rUES-MiUU5-L63SWUpg,225,12439
,,
UC_AL_SYO0lWSSC44MIVOJBQ,213,103396
UCh1Vwt_uC-zXldi8fE9okJQ,38,1200
,,
UC-pEXHFE2jmzr2WQg9lvt7A,17,7710
UCm_tci_2pfbHCk2O7GNW7Cg,9333,2134248
UCBFArVHjPat6V4Yx5kVlmFQ,0,69
,,
UCPyn_fzHv2jHryay3S2nuPA,82,13377
UCYFpNpOGw0iqmDVthpOf7SQ,0,0
,,
UCXmtHU_H4R6RRhi3LvbI_2g,7,850
UCT9Zp55S75rsko_97aMUdVQ,253,10357
UCOh-id_dnU76jH6e7_MqJxw,1938,6338
UCpeCbeBNlwBzLU1DS3nh5Wg,4863,631852
UCmWKBtdOQreliUCQNqGY2RA,2249,707558
UCZU8S_5cvfarjO1dBLBaJ2A,23,399
,,
UCn_lJ4orUWMQm3jP4FNlVog,23,427
UC9JmgW8KAv33Yy1kDd3_5zg,10,310
UC8lMu9PTzRjwTr-hH8W1i1A,1068,839712
UCTw1YPOSxmdf_P7qmpbavPA,21,186
UCGyOGXdj1EMrsv0JKMLQS0Q,3622,653346
,,
UCf6AThpPDV8bkaNPwXHoMtQ,72,0
,,
UCs5n8nflNpgb1LBd7aF0pMA,3,39
UCvNJCXlWiqdB8G7AJeX82Cg,94,88577
UC3DJbsuPTvBMh8c-k1KNOlg,2682,172799
UCxspFtqxPtrjvlAMVtGPoUw,0,0
UCJ_XD61cvkLGAhRPZsNz8eg,242,192761
UCRWgpU_qMEoJ9XlaorB44aA,10,176
UCyG0bPtRDmYTxhAcOjDdzwA,0,832
UC5zH64CnkRC3p3p2ryucvrA,65,22325
UCU1ou7edi-ECr-9MdUxCvDw,1015,115628
UCYTkmDazeSF-2XbHZFJxjNA,45,1283
UCqyn3RxD-TJ31IRv3egaNMA,164,3089
UCXRAMbF9w1cWS5d1bQdETVA,1,1396
UCYgYuCkd32Nk-ykLuMgWwXA,14,750
,,
UCyLDhCEjBMDfNxGZ_WXZnlA,2,13
UCiOSN0zMWH09rhrQKHgYGhQ,964,99504
,,
,,
UCxn04SnlJWefUBWXDzNyQSA,270,25292
UCm7cFStpAW6iItSBaDzRihw,2,62
UCqBvY_J5Im5y_VZqGWM43Wg,36,3065
,,
UCol6BitWKJzDibUgkv6zbLA,73,45094
UC3gaUvV7RaR52hPNdxAYAFw,25,631
UCIPN3zbpTC_Mmq1ktWl3ohg,169,5390
UCT1XSdGTfVO59d5_X6_fsdQ,71,0
,,
UCh1xYigEEsd00M5S_gn1mFw,39,1119
UC_Ror0bot5d3OfCVAVr7VuQ,77,2798
UCkAs5lNOAnx3i7D_9RRzywA,10610,557053
UC97bi3ZK0thy9uIF0SHN7Gg,2481,53319
UCXn_MjVa3rccm-lWZpZjLFw,1,203
UCxX8EjKOwHM1InnDZkB6ukQ,406,4172
UCXgv7AITWf3SCjPXpfEI8xg,36,12818
UCYUIPPaWar-hy58IMt8UFWg,560,14639
UCIjAeCR6_Lg3HJ80k7fUPJw,224,4818
UCeNNeLr5Rs8QteQycd_ktng,314,125796
UCL_dppvPFVOpJWSqSHFztGg,6,331
UCuwCVAlKdSc2JOI_4VU-Icg,8,2596
UCaJh4FdXy0gYmwD9JfxT4nA,27,1168
UC0yBbF38aJo2e0bBfY1K1aQ,6,65
UCyJIMfe9EVd5OXvmu4goZzg,2552,375023
UCWQTkhmNYhiLWa6Cy4mSL2g,884,51933
UC7u6DGxbnetPX9JeBMuStJw,974,913488
UCbx6pClCMGeTTWydbGR9zzA,282391,409986580
UCVOFC6l7aiAhnFvTw_yyUDQ,62,5596
UC3YW707UJJ3_kADzyD4_4kA,6001,873060
UCE1BdA7iBH85Tocb1NH4D7Q,8,120
UC7sdeZVLWpuZpMi5BhP5w9Q,8,415
UCTuE4gxkd0hZDb7VkT9HM9A,48,2577
UCUdCO0LVIZlbJ_dQwqavtNg,88,5446
UCzUJKmXXG0W4xTSs7vwn3TQ,166,3221
UC4AULmB6cPSgVcUhEhh2a3Q,13,2174
,,
UCroBh6fIzDO8v44Rdsa_w_Q,17,138
UC3MwO9SGGTJlaxoJ2CW1bXw,275,139890
UC5zCPKPkiY0FkuZ10LT6kPA,211,4153
UCIOit9aaLDo5rdpkYRJE1Nw,95,563
,,
UCSVHrMleXujW_EhadUo2OcA,2,118
UC9xIQpmr26OX_0ddvYDde7g,9016,446180
UCOsIHJsXYqDHuxayEUus2sA,26,7686
UCcdafiWAEQzKPye0fedk14w,3095,424850
UCBw1QSxDl-AB2b4bzE9TClA,42,3719
UCxJVyMFSzE-GqnKlm5Rptgg,251,1317443
UCawv3YSQREkXmGF3BSpkM2Q,837,31041
UCmkAyV9cA4Ty6lX3piJAIdg,644,40138
UCSWd3LTAVdFIKCop4VLXVeg,74,3086
UCXCDpKcmM8pmYO-YUq0OmpQ,2,0
UCSPUpI3BAbQhy77lb0qP4jQ,0,0
UChal8O6kUddPzDcugd6WWKg,99,859
UCV9AxrF7AN93ohkBlAKFOGA,475,321009
UCyeVfsThIHM_mEZq7YXIQSQ,337409,6225061
,,
UCptNOWTizPKjnHYLydzUWbw,69811,5379863
UC_icTWuWgwFfLPYNTvM_i4w,30,313
UCSnQ6x_dgRTCHtFrd3MTZdQ,23,2256
UCEx27-5C2lElVz3KDIWTmEA,1994,207830
UCZ3iecXUGTLRTaAPDEGOP8w,1,0
UC0hKTMm-zZ_9zfqzjZM_RMA,2,44
UCiml85_FltxB0GvCuUCw-Xw,10,133
UCEXSDT2RztgM6pzeoCrWHKw,20,1152
UCThwyD-sY4PwFm7EM89shhQ,16,1243
UC5NbB0bJGe-JsXGmli0P10w,809,50150
UCIn5BzzsZTaeKHxsSTLDU_g,62,1763
UCaSHB8iackPmGL8nUTBNIAg,309,71804
UCt0LV1jRh7uVoj77pCk0WMw,0,51
UCjaLaJumLwswRUVCV6c8fcQ,830,119252
UCE4_lKwRj3m7n-kRaF7bMWw,87,55794
UCXqWnYwHuFimnMjtHtrz1Zw,14,3360
UCKNwe7Au_8HRGQueSCPiTPg,1474,117472
UCEdN0r9hBOhuSLVyj9SCnBg,144,62268
UCqIn_6DyNCqkyn-9S-flxDg,107998,5305594
UCIe6YSPZUvXlriGjiH9eEpQ,3969,68323
UC_0YUN6M0UFC_8rBgbLavtg,121,1639
UCN8wOmXuiktLCqgH4QSvjaQ,265,970
UCCIwOiElxvcKLW9rbLJKvWg,79,18534
,,
UCQFTw9YwDDLB1rNCyL-uybA,2,0
UCDX4se_VymG68vAtVReZgCg,5,194
UCfkk9B408MwJOZTNjrztS1Q,0,0
UCnyjHrJB1pKCFtBflwrOxiA,1385,1056
,,
UCyQVYTR5LoF4gs_ScANAMdA,374,18419
UCCRrUV9ZiGBAYF4_aMQZLbA,1257,362660
UCsybCXgIscUKUnV72WH1lNQ,51,1217
UCN4BTHc_jYNVVZiSwzShsWA,1,361
,,
UCkpvxToF7pAwNL3BqHYL9Gw,4290,275551
UCf6RWlUOZXHkJnpimDIzUBA,465,9839
UCTxHZWYPN6jhplpXlIpg7TQ,2935,292350
UCHd0jRuqSi47F385hql59Cw,21,29
UCCFs11HcnNlzs8CPp7Be1jQ,5266,605623
UCV87aZ00HpHltXq5UcK1wFQ,373,314083
,,
UCrSEhil6HxLJKdvVr27VoOg,344,47600
UCmeRoiZwmN1LSbESQbg4pJg,31,0
,,
UCXUGjNatu10FGVcMNowoF5g,120,0
UC1BZnq-fX0Ea4ka4d8cnc0w,830,203766
UCawV0gEBI7q1q0Hzq0ccuFA,3024,282201
,,
UCdO_kpxRFhjBzzC5nT5ikeQ,77,4722
UCYjVDfNOUn4qOYhqtv3YcNg,13,107
UCn_pnYKGYvg4yuotr_YdLFQ,40,19783
UCNV6tckdVW3L_wiBN8tz9gQ,38643,1777333
UCdPc5DbkH4V9MxhF-Oqadgw,79,106122
UCZ_pH4xE0RvRVYwj6KKI9VQ,1341,27703
UCAhxOCtsAJCdGMzsztRMGqA,1689,1953710
UCAWqC7sOcyRkvfkyGz5P3aA,62,1881
UCezhNG4GLRktH3-_vMsQMLQ,231,14667
UC6bzIA8eXv0MzPc3Yr7so_w,10,102
,,
UCgjMXbH7qldGOYmAajQpLvQ,37,1537
UCbx6pClCMGeTTWydbGR9zzA,282391,409986580
