Channel,Network
l0I7gy6gDaKQADZIjV6xhg,
-bGgDhEvjGI6WDfeXNPrUg,
s74YhkBi2cnFKvfC400oOw,
HwVfJH0OU8t_C5gHVC6ivg,
LCaoo86AKdXZIJGH3eEXFw,
8ql1nMPKlqbpo8frOkDABw,
WcfjlbFXNve9Ygul9yxbgw,
mChJUFzLe4-TV3txL034RQ,
57S8NxildfpsqiVSdjDlPA,
aYgDLU-En7gbA3HCjJtLDw,
w5YTpCbq0LwnB4SoX73I-w,
DumSCv105P90tFRF95YBiA,
ciTnzZfF345uArZigBYf0A,
HFfqxJudUQe0Sfq2kV6cqQ,
TPSmsWGmrVXjVXD2DPXoUQ,
O-yCYwHdjBQ8qOAntc_yiw,
NgwEIITeNUXKx6Qze-jRLg,
_AwriSUVZ0uCn0sZWcx23g,
J2mMpZxSdbOooR3leXJFfA,
dHwGtVpiJvYf-VgD1goZOw,
uR446QDgJTi5g07zHtbaTA,
CPasEMvVIxlVP-EmZi0P7A,
0VqHuNNG7Pbpp96gJ8dgDQ,
qrui67RHgCqi-EBTy8hRHA,
XuVFd8gsOTj9qfEaVaBAvw,
v7ljl8D-y5d_A-nIS8Uruw,
zKqDI7jy3SzviSUJPxkdyg,
jLiwrbIxZttZsDrUZ18pEg,
LNN0JzGZcKA9eApQxOiGjw,
VmCOGfZpQ3PTT2My7ux0UQ,
pUDMqACF7o1PZcNrAqF2bA,
aDSEP3LTLB8R4rB4CZRefg,
YdPKRk4Jj5E1aRAprxJMCA,
yE9a_pbbJkmgngmHOKVcMw,
G7wneKJroFw6x9UAPuZ-XA,
zGHRdG-Bao7ls9fE7ZU_6A,
gXLrlJuUVPlcPDPot0u7GQ,
DpqTDCXsCjTUYysNKvM3ew,
Lz2S4RdHsMFNC2pqdJVG2w,
_b7Pl-1IMEIOhd14PZqwWA,
r8bB9j4Tl02Wtk86a3kX_w,
ANfFk8Ksy5OMOLfkEdB63Q,
bwV7-JM0KE8xYFj58xC6cw,
fOSakb4jCoKExK4hshmPDA,
5PmXblQi7lPpeCZebxGLSQ,
44-smt7n6SK-S4tFclxkOg,
poskGUSoqqLiGhAmrq2h5w,
Zzq4ynp9APSMZ-Lr3H_obg,
d2TNmc56WERhVTkJU24gHw,
zS3WJR1FAkcmfwsbzOuAoQ,
HRlrYCE4BhPjMdpyzqOIxg,
jR7wWQDALYE5hmJiSoqvSg,
bYO10Ghby4ZiOfsE6-lokg,
uz5b9vLjmEwb1xaQ_HCPRw,
6R-bwT_606kzYiLmewBw6A,
WMOAmO1q9jleCx8yDad-Yw,
1Qva5qaTmHAkEO-rFm0Fpg,
-2gO3r0kUGc7t6WfC9-RPA,
TCRr8r9m-GFq_OAWQqWT_w,
NnhRgCbTv2RTxVIecsx94A,
_RiDbNcDBG4aVGMnjG1xiw,
bsNJxLhbKflNir--8Xd4dw,
H3b0qqzysz6T0n-OEOspXQ,
wHhi9w3aW1IBbhPRW5lGUQ,
QXLEkjzACXgk4ey2FDOH0g,
E-ZS8KpmB_MvqxjdhjlJzA,
HzLr8ZVCQBXJJEmpS5S0qQ,
UXM4jrC7zeeYjDiBWlq1zg,
FIq6HyhLZfIDhFz0E4WmEg,
3Z6DFTLZvYt3n0QLIP0Pxw,
-T-zGMCOTQxqLxyg_YRefA,
TfsUYlG3Kr-rM-jLpy3ssQ,
qoLaMkKjV-zG8S3-AenzPQ,
3uH7EHN213m-3jUvDUd0EQ,
vWr4uKJr7gDBsYFeTQJiVQ,
ap06Z1tHDdoj1G8LIUQ5Vg,
pf13pueSPyfS3a3sn_ZbSQ,
iOPDpvxd7NZjr7c7M6_a0g,
S2R-M0-3aauklE5QB6spCA,
POusp7VVkQhdyY1HaEwwbA,
hqxGg6wTIMfcau1_glGrhQ,
M6WjPKvAiMGqqHrRqZP0IQ,
mwSifvDeYW0_Lo_R-BJa-Q,
pW40AnKa9y99qI_R-2otTg,
4_Ar9Uk8DTw3wyj3pBVkEw,
evM0etqvQMo3_e0A1VenSA,
a3bq86xwBvgJxW9QVXBZUw,
GfOQOeURCTUrsFiQ1bVUDQ,
-z5Zpv3ajrMDdtLwhfaJ9g,
nYdDOZi6yBiN3K-wIao2rQ,
sfDBWkqLXzhatCvUA1-OjQ,
-lr1l9c375gDZtEPTkRXPg,
_GUs1ds6Or5H9tcfDqUNdQ,
yjrz1FQ5u8NNElMqOimGDA,
D418mwX0_mHSub7LNHLSEA,
jRqD-cQz4KK11jgK6HwDVA,
912CgGQzQVDA9ydCUmxyaw,
R1ZatnvFcr72EdyxRY36qQ,
YZ793Mv-R650C1CiOJ8x8g,
YX7E8pfGVIuVmYcdmjuM-A,
8dQ2S8pALbNRM2BetJiQ7A,
1v3oEv90PJ8F_T3U-zPHYA,
eXlsGtnOUaJmUu1-gf111Q,
0lFHrGISrvwaMoDF4lXr8g,
tqd89zy_5K6Lf4AfvZYE6g,
6NbtSRGi2eVW6cukP4rbQw,
hLMm0_9p4AjpHAYGuHMliw,
RYcHetuhJ9rEP-EfUx4iCA,
S3h_RFaOrbc1mNdW5i3R8Q,
dt-aXccnqM6IMpE3H_XqMg,
KRzNaOtRdGKrI4EI4ZRKgQ,
h3tGZS4ATeyr2KBSBuaOUQ,
vKDq_oo_tGt616qlWfupvA,
viN7FaISbv1Yg3esEcQU9g,
WVcIDuCsDtyf2Z29dRmteg,
kMkl5UxhroNo5sf5U4XBMg,
qpJj2_Mg4vb_yDKH1C4ugQ,
bHBqXnZWhDhGTSYFeNZDCQ,
dDffesulX4srDm6FBwm4xg,
jR7wWQDALYE5hmJiSoqvSg,
dvHUfmfSZv6lQIQNYlC2UQ,
O-XxzNP-s5zi6m_hcksLjw,
ommgk5zZL_eVpADVoeoaZw,
wb-BO4RUt5oDfwoI-KKX3g,
1_xvvezXZqtqwUqEntJx7A,
BLu37BJ3P2MwPw5gakO5Rw,
gbHJENV6UgIZl1Rp_GXCfw,
vZsVDl7YTObSuj0JoPCN0A,
RWBaL5aiCsADUsiLxq0LyA,
Ge6HEqI4pWJRA0iahpbbMA,
NlQEN_FJSiNoJSkb1kcCtg,
trtyMpR-2o9e1Q_iQdHZmw,
4cgPW_CWJ6KIlvWwngMoUQ,
qCdfESB39RpaqUpqOk8laQ,
gq34z734QIl_KYQ1F0S5tg,
6ut46sc2EXJbjLPSBAjL_g,
A3m60iPJRmqU-n8RUI2vPg,
O-GdJgmD-mx7ngT1YkCsbg,
bb45IJXZMjBUjbqr_PR8qA,
JuirOxfocSFnVZAzfMm7yA,
zXn8XJaB2Y5QpSdfN_4RJg,
8pFT4MMCR9TSGDazprmsKw,
936szDnHADgcXscDKFpySg,
eQbi4XMg75dDh5wrBX9hTg,
RfLNB6JTk7el2HNLnURrOw,
98ySbXQJ4bg75aFGQoxwQA,
Tk5ymRT0X30WLHrq0FgOzw,
kOIonEJF2nDpO8Rwc9w_Dg,
OkV300mpdiZS6VPQhlxV9Q,
BU_T1vK4azv6k2fXP_i0Bg,
Z9CChZT7gPdTXohF1GF9GA,
Ls94_45tBk0A33m-Av5ehA,
xx_tIPxY9sVvOZq26pMu_A,
eNK-mfvwQcD14kvtzXZ4Tw,
RmWaEsIWLCMEVvxiSy_BNg,
b_aKArwNiZHWbyrCFLcpjw,
4_BURnQAknz9zxETIhxghg,
qNSQHwGDO-OWtOsdvIRuQA,
bx6pClCMGeTTWydbGR9zzA,
GmpR-wIlK1M9m7YbUU1fzA,
JZ4TCpiW7yGiP_uhomPqlQ,
mkoU7jOCIvQApn2LWEKwDw,
8I3QImiauGDJsq-lJAAn2Q,
OcWVWotc6rtE36fK5Ufg4A,
DCHMQGqQmrN7bClGaE5roQ,
HLhqtW7CVtQJSkkC1URlaA,
KcjbCOx_4-cLznWYdGRTgw,
QtmwI63RrXMRbJJ_UkjYsA,
kZnOw9DfrG9X7tYoLb8IQA,
VJZ_tRRC2lQdtSqwSH5h6A,
OHadZcMjTyrCmMvCTOwAlQ,
EjqL0nWm-D-btMnwlciqPA,
ZJv7vF5rXAfcq6Ioft--XA,
fVkvuSEurdPpqY2yyDI1Rw,
JfUVNoeQf3f6o6QMq0P7wQ,
Tp-c82UwVp_Xm6cEAlivSQ,
sem-pJjIXok6revM8RNWmw,
MhbxKsNRhwBjwnY5YF-lXw,
mU_V4JmE41ZCB1xpYy5Zkg,
7cE9BE17_IHLod9s1yveHA,
eehvi_QpnTMZ7vUWuTQZtA,
XCRCQ_T6-2_G9l-S2s2hyg,
ylRk_L4n5wsK-_Cm8mFapA,
6k0H3aVQo0ESvGgMJRQuPg,
QkPKunwyzO5_XTu1e6zeWg,
ClHB6_T7Qx9FCefAAwJwiA,
UblfGScmfcputk_tDhpEGA,
FQtBFHbnT3g8ZBxJYVqj3A,
Dm3VXYe1_1Fajmzdxo4kzw,
GDju1LYVtzEP1dxQiaN9Uw,
Orgw1i_ibfPzca1ce5If7w,
lirlNYr1_EAQalAkHLKeig,
Isy3QCg2OLCyySXv8Z5viA,
sg9pgedm9qnUN-Ma0joUdw,
MdRYKqVM6P1S9qJIhuQYhw,
DHGtWQAhShEyekBn4e9U2Q,
7K7xefX7cBpojJsvPY-NxQ,
lY0jT2808MlR0Rk6KJOmGQ,
YIVfSOkTgzly1tsqT_vNxQ,
_dMvyCuS6kJewoAH4z2UXQ,
iGNEdWl91ZFfECC0wjqtxQ,
UVp4I2WajmYFLIpq8gqz5w,
4r7xsXCCaypwVyM4K6g6TQ,
iF5oSxxDaTlHIUZ5i0LJyA,
gq5WaKvBQM9nr1oL1ca8-w,
Q72nW5i1R2vMbHqu56Aybg,
OVO0QBs1QV2NWlO1sIXt7g,
-bZolioEwyzFuCgteIAp7Q,
wuTfGLb41CfpIFci6gy0ug,
-4zXblp2juXH03rYSwmM5g,
00XG57lelWogOOfmQNWM0w,
4Cpf7WLOv-tH7Ad0NpNa7A,
gbHJENV6UgIZl1Rp_GXCfw,
nMh_2g85YblTOxGM4y1FOQ,
csEmjszAHyIokWG9vR1ytg,
Rwfd56G71RNxulJeTnHNAQ,
7erwDIJnUJHOW-KMLR2SpA,
mrqtO2ZaTiJqVeaucSyA0Q,
B_PYts6J9ZYD_AhtlKyoHA,
QX04wD4_VALAmjDJDwcwcA,
YBvyPxHe4MjCipQUrbBzzw,
ohPGgyej3XMN5942kEAaWA,
jr2DZDQv0pPrfNZ8B-hlzg,
wq82YJJJsU4GsodHACPFfA,
0FlvjQXWLwMyZbQs_MnV7g,
XUErDb8SBNRH97LdTLxjjw,
PHtfp-2lP0KONm1bKihj6w,
evm0meuiXFWoP9br2voIEw,
ru1w8cVKaAK3TcBqizo4hw,
F1KXnDWgWTOtPnLgWyvt1Q,
Z4kT7s7AGE_nkamCIYyQZA,
ng8zJfF-xGxWVwdKICglAg,
sI7en8idfXaWDGPyALQY7g,
1d7AqxSuOKSvxmCkLklcgA,
8mr6fcqIrVD1C3aCjYto_A,
1vPmC45ab77AuanP0jyWnw,
QWHq9e1hN268yjgYq-0hNw,
rxyktGoAWE19miD-zz_N1A,
kVhwiQ1tN6OgpVzoOl0svQ,
5Lzefq6YR3-TcXScZ-viHQ,
bAmZRfIqPYyogZ-b0CLbKQ,
bAmZRfIqPYyogZ-b0CLbKQ,
J0SFDFhkmVihhsn8lVUjBg,
xCU3hsJsxs82HvLWG8vMCw,
dCgfAG6bad1MRghkPm3V8A,
E0mujPFH3Vp2eT9_gpGOYQ,
1hEDWzcXoX_YhBTgs8dxtQ,
UXeOR-_Wl21l9i5svojafw,
YyikCoWV01mx8sba5FoB7Q,
L6MaIm7TddNL-3P3JsANWg,
PcHM1cKdKl28lRdXOemnbQ,
bx6pClCMGeTTWydbGR9zzA,
Jxn3tG4KLoY0_Owm0I0E6g,
J57ubhF4X5_peWDMFXySeA,
TePDSjBJJi2sUc1VAAr_Cg,
DXVmt_CD_7JQNCB48_afsg,
FmyZIQZ4N7OJdPp3DXRWJQ,
nWaakOyJYyeczrh_qTDtSA,
kAd73YXNSL4dukRdi9AzjQ,
vTPlJwNCZYRNE-JUTrAydA,
dxSEo5cv-tg930lM0m0g3A,
OYq_EJ3t_Z4TMaBmllgsiA,
_XRww3wxQWZsX6kdvSlvdA,
qZo2Dqlx4RLbKJ9wCWndWQ,
IAfXXJcZ2JAbBs-qfz-SRQ,
PQ93zulG7JeUMnQIHOyX5A,
o6p2NdDfoUvH2Iw3O3ipPg,
HAenboNPQJmNQmvQDQibQA,
XvJyTbQtuAEkGDWlRm67dQ,
njwFqNSaSCh5CX3Zms6sfw,
qsVTTtm2pOp9rfRfjV0Qfg,
XBAAD-7zElRG_8qkTx2yOw,
FYOZjiNrrcDdolWnmkNxdg,
XSUJ2useP2QKHKEpOQVBXw,
Kre7H-n50oqj6I-CX5HZQA,
59xkXL34XgMckc8pYlv0yQ,
eofQHafYjACBt5_t86_eYA,
vktXjYZx1FXtcSAZ6cmNQQ,
nyMPHqcpo2h__Vl8c1GBVw,
tQ52b6c_p5vKxOCRzqmqbA,
6gefuovQTdyLPhdNMsSfww,
WQ9v-IWPpNU32Nz1H_SuAw,
Tw3BADhX6T1COV6JmcHDlA,
mswCMKp9o33VqPNb-JaXjQ,
F6dJjAegXKPGJxC62AsTJg,
H9PiOn7UwJD0dBEjKxyHXw,
ooClBP-Hjo4clZdY8Rkgnw,
emoc99hthVwhXVa4BbwmGw,
n5VhBwhu-MvdLONo9uji5g,
UQVt5YFiV8K-T-rQAWUwRw,
8WJ6e24WiPkzmZlINR3igA,
YUYaEl4H8_1glIPd5XTHQQ,
8zad854eDVJwM1jXipimVQ,
tuMmySteNTQhCIXC78g3rw,
iGRJdPqidg2fii3RTMZ9qQ,
DkIb0oVfvFr2Ydb6_kSVDA,
XJdTYXVaMQvUrOF7t9TjZA,
oREt_4vLsyF1VmIw33hu0w,
tT5RGKp8LEMwGgTw2Mr-fQ,
DEYGp3RrIcXWooFQ7SBDlA,
52tuk0TA5oiXOEh8LN2T9A,
4q3gJVRDG74G6i5OmcnhDQ,
tzoNOEWM8NARlsVZR4LdYA,
EAfEl39L0ibvZ6j3X5NSiQ,
AFd6nSfgHDgbs4OY9bERAg,
B4IWHIA5lIEjtStsSMnKVg,
OpOMkMreCdNNOu4Zp3gbwg,
mvjp-LeS5edytHOOlou_zw,
13WBUbm8WMBT2Au2bqzYlQ,
dL7UKOrud8WGyFapl-UaEw,
VAjVbc14qd-Zgbf3jUHYxw,
QRUTUHuSMOIm95n4daOjPQ,
ew2xO06sxOixuVssplygPg,
k5M8eTxAWpauvFEkWjOaBw,
7q9RHReDW1yiUQDLTgZcIg,
2f64gg42GDFdCTSCS7QmbQ,
Git3gOGAPIyPHSRR87lflw,
5fdueWl3YkQlMVT7lT3CBA,
5HVQrj_umzYW2ieTl_PDcg,
FqlwHKvJIt7UeqKxcVS99A,
3JcqpTZGXnhO5VyXOcYFxQ,
i20UBkU8wvNAOirMNnilaw,
VOQMDRjNNaNTUwEPqNULlQ,
WzpT7JUo4M3pooEkPpZJHg,
Xp-kNSsWMbxWmVSgo2FTIw,
1S-7xMIJPDV9CJH6daEtYg,
5Gtxr7oKQnOHsuzhm_ui7w,
atNnW1BPOde--69OqV1cug,
atNnW1BPOde--69OqV1cug,
0-2hlC2GRQXJDdPJcanTbQ,
pM0z79ybubVLvJcgDGoDvw,
qFRlii4wfxRkcNbrmvX2eQ,
czq5KL9ya-YRvao2XqgFwA,
1ZJerDgh0N1OLJScsW0lJw,
AY_thUJH1kmL5vxMyWTp4w,
_-gji6ar6RnlK5mAVT_s6w,
ZdUutSaJN4E44Jn5IsoV9A,
M47mNPCXj428bghVL3vBdA,
jdeE1DEMgd74U5DUsqgNLQ,
QcmGS0GuxqLGs9jOprdMjQ,
Hp6ktiugT4-wMgsRvtBI0Q,
4iuT5eccT0XxHgHjzye7NQ,
neVPaKYISn-xyE6Fef-BYA,
V_DzJQsLYQAddnt31EM_og,
UGOC8hcB632I9qIlsTC6EQ,
W3_VyLyUqIZSkJBRIvaEWw,
ZuH56hlF48ZkeXfPsTpu4Q,
Kwy4RHjbr2xFkI8BqdjAbg,
_3KOVs8P241khFLuGmusDQ,
XBUq8DGA26nxvShYsCzRjg,
PHLfGY9WAFej2Plp_Ox0Dw,
1G1_zTqVWJAYs4VUy-_nKA,
vz_L01C5fv-vBiYJiqg53w,
LBLYTxBAKTtVzfttJDJk4Q,
098UperFhT_7Owq0GDvODA,
fnK-iAHJHnf35t9syXicvw,
1YP6XPwfLPVa1Ac0s-EuRw,
exzcAi3kQSa5rKHcKOaRsA,
tWkeT1YL17WZ9jzSsPs62A,
G7DfJCG0QY5TRYGAkO0WTw,
k4e90lKvQvKXeXaw1tOljQ,
IQ0x2jeOtvKbbRNexnQywg,
98XvrjcoQWXLT4_j4x2NmA,
A6JB2cCOaGPao7zH-WiTTA,
dhLvSnkUCHx8GO0W_RCWaw,
8gIAon_1nOg-ge19Q7r6-Q,
u1vBI_Xr0pkJv3pAYCtZfQ,
ztBTZc2DwCPjzOPdlMsmLA,
9HH0pLrpY_PX4992Mfs9Xg,
pTczcdH8-FPTbwzaYUhbVw,
kZmvO80lRQSci6El76b44g,
beKU7Dir1QqLLtoY6qjR_g,
b7GBTnPkPwSva7Xgk-_PWg,
0vhfTcpYeBizBlqOLfopTw,
oJe7EjX7BcCKL58J30UycQ,
c6TP8ACsSvXzXWUHwHY9bg,
T5zwgtcAlfrn9uTa_uxgZQ,
Dy0aJjTi3l6nzdmqTvRcaA,
hrkVwp3WG7zc927OIbVa3A,
_85nI4voGevasP6Ob10n0A,
XEhsYsuB9I5_b6uN1C4BIw,
D9zp7-ylJE4nc6NUDciqGw,
bPC7P47sruU4hKGSVYrdUw,
yKVSLVc6SeiZIVPmC30F4w,
pZC-tc9_oDUkG_fhS1_2pA,
g1wsH-kC8JMm3lLRMobJAg,
iXcFcIkLS5ImxI1xUrI8-A,
_g2QL3986HuM6Q565hHD9Q,
Ts1ekCUw23MehbY1uVH5fQ,
OyMde1tbgmeutJ8ofWfpbQ,
5ApGi0epeOmAlvlEAI3sLw,
Ks7c7yxU8f6KOTFE21Q-_A,
BR8-60-B28hp2BmDPdntcQ,
AnNM9ZPOtiODvvG0hz5MNg,
XGcUgfhwJmDL-Z-iVGkpiA,
bf3aQp3UZqniDSxjNWNCDg,
M3DDWEu8G5VoAv8fHKWRhA,
RboT-Sh1kLddIjcOs0ESDA,
upmNyGrGTawO-MiG0VE71w,
ggY2_dA9Ld9Epb9JvN1l8w,
9afw4afNPXfptdpLishpnA,
GCdzoHSPnAoGg2Tui1P3uw,
Ig9izHJxGDGeaPLJYReLaQ,
6_RCAgzXE2XWwlsyF8ER6A,
eSiztqEZQ_I9clXCremwuw,
13dmb2e0U-2TLIA791gf0w,
qjIRH-pechIjF8cXdxW6WA,
7nQF4_lZE3rJTPBqRJ0x_w,
AEIRstznrFV9gcpbCP1R0w,
vFLX4ZhiREv7xXYxIhJReA,
QMOB_LJZDLqyiXHwMgeXsw,
CkYYXjxf1saBO0unJ4yKbg,
zr1kL-S6LSyNte0-fFtbkA,
AIQDuH85UewFBpG5N5CLGg,
x_nyqwpH7_QSOhXZs7MKRA,
aJSCQpR6Zo1WKhPkg-zKDg,
pCYXwoFDz5JQOQCLYHk0Ng,
L_uu5YgLmZtYjwYMp4Mieg,
jgI3HR-LMzFtWL2p-VlFTQ,
_vwG6BHbceNPcu81yQhlvA,
DomppeF144aBYmAtRI_vlA,
gY6gDvDOUBu0uwFtBW7smQ,
0lKQp8R26fHz6zQJfZgQ5A,
5wsUItUJa6iHcIPCrfs2iQ,
x1q3QTsGZUMh2LNPxSb1XQ,
aTRBFvZhfl6eSbxDk1f7gw,
R_y0Eff7Ud7I2twBjDn-Kw,
whg82u4gsHzeBg0mWlWwRA,
wsFHV2Q2bocVgBWaSPLf6A,
9bRAZthdei4nqcRANb-6kw,
FnHB5mPSkbtqSPKzuiA8_Q,
Q0XOimwzhwwA0LkSHwTMcg,
3Gd8G1MiiCqML566gMUi-w,
g89FG4CB6hqsIBQrlZLS_g,
vkS8XbQ5gMFEykwYn8pHBA,
rKfyDQpvRza_nw6WkBIyyA,
GqUFOxZleXdAWzw_ukCNhg,
bSwiGVz2YdZNzIcCmfBIgQ,
T8rtEKWpK9Fg08E8a8wazw,
zT1iBAY2FQaIJUWQ9iExng,
Y7-3KGdOZY0UV0j_H5ml6Q,
TAwXZfzTgRadb1OSE9o-ng,
2m1ZP5r9Heo8zV46LRYKDw,
s9Jcy-bTpq4ft-r0BQfCpg,
wr69DGYaxNFw8vBpJyxPsg,
i6g05dV5V1T4rm0qkhiOvQ,
RC-bh1oCpK1oPo9goyRfbw,
UdNsjOoOSzjOS_3JekQzbQ,
DBEf1L8PezeUBVoDvMCKbA,
vvRoTz94B_zjDn3tcTGeFQ,
11kCqnZEYZkaM31-UTzrVg,
l2S3Du3xtFw_1C5PLmtWiQ,
BowibiZ0G06K9wpBoJ6OVg,
VAmKw5kqDbdNejHwDp8Osg,
ILCDMo4fyZpuGN-hWfrq-Q,
_2l0GWv28j0SQrXeoVIvmg,
dE1xB_XGqYKXkbCkEx713w,
TIK_S7tSHchdAlMgO15F1w,
XDBbeIVRVFy74pSa0SEQjA,
cStiL6uuvxT_wZ5Esb17Ag,
mRBwGamYBk2J9uVX3C0DIg,
p-y9rydXHBASNREThhOpBA,
Tr9inSGXvPjahs1AHPg12A,
BPbmTBW2Vql14-_yfDpVIA,
-arujA9tpTmCPRPt9wDkig,
fxLuFsiho-axQ8A_bv68Yg,
bbYthjcc6ujC2LjDXqvOqg,
GtAfM8EBISIGl1vs1VL0qw,
qp33PaGl_vx-m3qLPCHZ5Q,
GQcy_eqtAvQKEBNEnBZaGQ,
YvjEOPCplpZCWbxA7v_ErA,
D0MayjyIAUF0IgVa9UoKgg,
sEARWHmFNBiiuptivg2afw,
eaQTQfAlxKJqyPrhOfE_tQ,
r_trNqFugjN1eFaz2RTTWw,
ee3arKaUGFWWfl36FzW8cA,
6qGpcpMyK1-NKs8WYStXiw,
ICR4BktFM9IXnTa-4QYEVQ,
ta7cpVn9Rn6rzzTZhrRDaQ,
9nfbRiEW-69qxEB3B35MzA,
enrNzCYNFc_atuDVayB2Kg,
zpI0P_tRTzEc4DHEcYJmgw,
YdbHREqhINB2DaI_AP9Kkw,
pvmzF9HwYXBsA75U6fG5bw,
3WbaGlWFISBFZT9Qe5F48Q,
r21LD7n38AukWc_ZvCTHpg,
XqYkSxPlFOuLNkUKKNuugg,
X069GWWudi__DWXva99A8w,
cZ0cubnyND4xHjxiELBwqw,
BKQpnpLvXxl0LFLXZn1v5Q,
Xl4H8NHorJNkOvJYldYksg,
dOj5hzSkDDiK-Y7guHXmuQ,
IQ9YMwL1s00a2Rb8nV68RQ,
w-eBczdTCLhZAqJoToMJtg,
DpTfS0hNKfAixG6IxhUNMw,
bpDBNXvEYXh_zqusQfDkWA,
GoykFiuzU8VTO-bNmYFKsg,
pNLSBc31ZyjURE2G220B9A,
UBWBBFFf3Ie6saCpvp4IPw,
CLhJN6iyjb7OdGmcfETBYQ,
XEJLJRiv26AjNb2Wm0mplQ,
xFa3LBhbTe_0zdKKRnn6Bw,
XvC93rPeqNrEv5QX_gunyQ,
9PqaxeowOxq54lh0q6pQcA,
mvgXaq4ZGI7ZBdeBp6wong,
sqRbK8ukR0i4iUqHMsMhNw,
bmZrwprqsKS09nlAVEkh9w,
ae2VbwWsqNLfCV-0SW2RLw,
Yzrihw_d6dqXYUUl6aolCQ,
NyaXx4ifLdPyBkimusJW8Q,
kqdn1fbrQChVstoKmLGfHA,
t6hbT-0UtyGJ0OnFmCvgwA,
KEwFzW3uoHVtUvY7OR8aqg,
uWlXZInt1BUw0nWshGxejw,
ubJjmAEJlhoWyjQc9wYIIA,
erX_EeDAZr1IxHXC-uSFGg,
hRcjiNX0KPD99SgFTC21DQ,
KX-ZLVU-tNLcqF8bYlXPuA,
N__JTWAd4oR4oaubmLdByA,
AXyZmg72XagwMn_J_22Smg,
UfNjZYoo2YmL6_CzGDgefQ,
bfhn82kSXUi7pJiMITEdTg,
xZAwJvo9E7O_YuH3LS_NlA,
cLz1n5VgA-LfTpOT6EICBw,
JXLlTtg95oIXFzZ0HpqCuA,
oUPaeHQMUaCBor-QwD5ReA,
o_yxTPglh6pVLJejISs8ZQ,
Qt1phG8tGUGYUZ2h6s05ow,
K9veam5nPB2a-rB5qVPSfw,
PhF5vI_5M7LvuYRYtAQ4JA,
98HH82nGBTn1L-ckyiJXgg,
Xd2jGveUxC2CniOjd9iFyw,
yytgSQP5QgimWZ6T1cRVQQ,
WYyw6A7embMRKyDSreRhJA,
Yqh0ltaXO64WmIse67M20g,
f1moArhvxGmk0dL6sSmkHg,
1xVYlXwAu8rPxKF9LvPVLw,
Sl4Cfzi6jQYCu6RCJN20Ig,
Wn_nos3ymKVEsOL3AYwPfQ,
YfI1yCBVyuhrLgWSoMf4lg,
kGllvEhFMo1WytYwPuW6Qw,
gFL6OaryWW8lVF9LsgoKyA,
gj_9sMIdr0bEn-EPsmpIKg,
3K1btxxM_jj83DjxEFFUdg,
-1VQHhzI9Q86E0j_GIxsiQ,
a8MMwLHHhbAuvi-0-fYMvg,
KLS_3F1tqR_1HBveipi6Zg,
0LpayyC7dWsdzDDIpCL2Yg,
sPhuOIjqCVAflcGxTYU__g,
uB2b94o9DIe5Q73zZLfrrA,
VcPGv_nBA0mzjVHfDhzFDA,
VcPGv_nBA0mzjVHfDhzFDA,
w4i2kgtsaMLPWR2wDgCnRA,
mvFtLa_2PPJ65C1K98M--A,
AVQ-E1WpYZU7nY5rt7r0Sw,
fGjDFPFJ22XM4Mgk1jcxSw,
mejPGRxReDN6AYl5-bnzAA,
o4i4go1gWNaSbkVqLw9IWQ,
CyElxs-sAY_ESgDCpIGvgQ,
OPGPwAEdGyrW5wUGUZkveA,
fvMm2b6-QjSU9kZ1a_pIEw,
hWraS4Q2XQ7mGkKMstYyyA,
bZcI_uMssWyNDKYNJMtRmw,
LZ-Na1DRuBlAlXEZoq8RuA,
0iEI5MTIGfuqELtO7FGMUQ,
YFpuQJQE0uDzLoaoxuwZDA,
nvbNy5a4s2WBv3LR-heErQ,
gFL6OaryWW8lVF9LsgoKyA,
J8vAPyp79BohLn-AxEBmyA,
J8vAPyp79BohLn-AxEBmyA,
Kn7Z4rsyECPhrTpxYOkjpw,
abJyFFqhQxBveEl1DPvGvg,
ERLtwtMUUiLHo4-Ml3pSJQ,
-EhoEpywfYdCLEk8bHPniw,
NobG7hQr-n_ZeKWf6t4RtQ,
2LYiG8R1yAf5_R8_0i0sNQ,
2xAHlVB5VUgDBmskINahbw,
As1OMCqQiPai-btQuMj9BQ,
6cBf15fVvjtZFldi6l3LFA,
FG6qaUmzVfGkb0uyvaGavw,
myxtNoqiW0kzYawuj08A-w,
7_wMZrgw-D38i2ywvgk2Ig,
L2wb_9dj2X67N-Zqu_BOog,
fzPmoQ-NPSZvy7GeKEaEew,
V-G9c02j3oplC5BwF2WhWA,
_7X5rkQOxSchGqryWT3ONA,
fLo5MWJHq3LT4czrCS63gQ,
27bCTcwNcLCUILZ9FpmIAQ,
1DvdGyP_8nTcl8fgHcxEvg,
0n2oCrUVu0F6BwlJlhKN3w,
OPwlPE8uBKHMahbSKXrmTA,
iLHPGPWuqp0R3wzJp_Cu2Q,
SorxXKFoOBfPFv4PP9PzRA,
RMZn3DebAweSNYqX3jJqTA,
edeySBfPYKlmn9q4fIbObA,
ESBwBXJa18JXNZ-eQ2vTeA,
SorxXKFoOBfPFv4PP9PzRA,
EGH8NakStimGw2tKk6k67w,
OKn-535hg_zToXTeWfiYtg,
_hD6cMIlSVn8Id6trLgCLw,
p7OwpPqib3YIiOhU4A0E7g,
txaysSXm4kcFpGiytGgagw,
Qx4msJ1HtweejtTpEgewuA,
D6Bzi0fkzHhSmoWfer_MCw,
-6vZCY10nPZyH331yCZpyQ,
zMo8q2RdRmBtKc7iB7IL4Q,
9LuBi8X85UhsMSnYFQTZSg,
mRdpUUEF0WQBKXBh-Aaxkg,
SWs5kCh_Wv3MDviJr8vqiQ,
YW_XPmJIieBIolM8qS9egQ,
szolVPiun9a0gNZHVPmnXA,
MMUbXwZeedy9recXGFH3eQ,
N4KX6UtCjJTMsapRFXnUpQ,
j8mO9zP_iKWTCdW778SJ6g,
JFSlPRT3oIy1L6sPstRUhw,
EK1fXFSInSCRP8unriNdHQ,
4TUIgaDM70t9B6qR080iKg,
ZehyYBBeV0gXDtAH1BhaZA,
sjnu1n5cSKTEkw4Deu-4Cg,
O7H2Y-5U0gnrMTSO6_EL3w,
viNo5nYh6_V20sstrn6P7w,
U90o6fziFHWeIuK9WXGTGA,
3vqATRopY6YOr9yZpvU1tQ,
UbScIJMTZSTHuq7uy45aBA,
EmUjFGJfoQcYnrMqaPslqw,
jvpH0ai0atdheEgsyFpCiQ,
t04ya4p1PPZfhxsIiVnJMA,
26V-L-pJWfUw2HkUpgpi4w,
UNzERy7VpBdV1Y7_yDqR4Q,
PdGeEafVJlrGftJlvurUvg,
2pdJIEcidc2Hdh_fwOuSww,
fWb2qMWKLBTbk9ylK-sA2A,
YBgzRbdIoOSagM1aAArIIg,
8U5GjlHtbL3KoA1NBVfiaQ,
7ZILto6YB2nIhjkibAzAZQ,
1z_5gj-8CczmMJ7VdJ0VFg,
7oFGlxHND26mmRXtI5trww,
TUM1rn4R6ux4s092gR4B4Q,
kR9GuRJFcNfP2YjC8tx0lA,
ptHlhtHCpFxkjiRUpuWxvQ,
IZYxi23h27k94cIhrdpqNg,
zTz0Ol-96-yxb2Sft-Mj3A,
fgnK3avY1h2sH8kkcFBJgQ,
Ie6P_DAAcltYNV0kxXpMcw,
j_9SkE9N2k0eVx8oWN_92A,
KKDPbspdfIEBSTDu5WcHEA,
bODad3l5JHruIzzF7l2dZg,
vqtMk5RZDk8gg7JMAeK5vg,
hziVpPxNRlM2nfS0-U1jUA,
Y3EGw14RHvkdI3BbpGx4-A,
1yplYs1Mik6awBhlqUzdLg,
mNpJ3dF2dvCBVzIsnIpvpQ,
w5JaxkZNGPsCdJ7CWQ6Hew,
q8p4-8an5OiX8v9yDd2XSg,
-c1z2Ay5uC1gL-vUcNlb-A,
f2GhXWxEPUMS1LAwyoLADw,
BQ7cKfJhC1sVkmE0pVSRsA,
QmuV5-cRkd90av7TgZIu8Q,
ty21oNZpP3LoO_jTh76CMg,
Ox4GJmhFj_QNUdPiIAg6fw,
U4R0xHgdqbRk0UO6sWZy2w,
qexlGALqipDmKGQyAy7bdA,
tcPWEgmYANI8xFrwnddfDw,
DUS5EX1NttnbhRYVkFFH8g,
k7vY1iH_lOScjRmJkAJd6A,
6E4MVoW-aYIELnTD1s6Qtg,
AlTn9LUVIF11yTAw-OBRUw,
3fxR6HAfxfGeLYHFtmcwzw,
qj3SZUwKhblGj19skisjeg,
94a5pJMzI8c2YlAftiJzkA,
Cj4c4NwGZWFG4WjgFRYYWg,
YO-lMSri2GBHn-u1CP0DCQ,
vBLeiZUv9wqsoqYgGJr7pA,
XG7zN3K7oXtzp8n6GlnJ8Q,
Kxl7DVTrR9WZCAhe0klAsQ,
RO-K2wOTWr1W3vOM45EJIw,
5wRGSO4oEbt7QWJ_aMCO-g,
kjb7_H_l7ZkcrNKio3cQsw,
rAz-nkgo0bChr7TiWf0bXw,
-THIB9FI2piIcCG_RLFKZQ,
31X4wJJRsrBAd9cv4d7mKw,
GaBcOUsP_rr0SFEoRHuH9w,
l8qLTsK4jlfq_1G-g-NQOQ,
8mYzxz7SgdIQTMib0mheSA,
8mYzxz7SgdIQTMib0mheSA,
_nA48ggsOOVikY5L3FDzbw,
V8tEo6MludKjxB9TZgNh-Q,
IOw6uf3silXTpqAQQhGukg,
PGJGp6qL9q_ls9hghDCTPQ,
qZPCCc0HmECBia_Cbw3jWg,
dGiaDPz4_M4_mqwIjG3ojg,
pm3kOFcLp66tw3ckBq8QoQ,
Fr8QbPLKD0SoOkuJPYxoZA,
D3vgXsXpduxAVZ1Rgnpoag,
ySx337YNBMoRBrnVMokZqw,
VkeLd5TDxUlOATUvBvqcAA,
MN8eqRUEerD2gCR8ZMU8WQ,
1txVJS6t-0wLMM4F_Jo9ew,
YM4dsxHrNzvdoBE7RdOWXA,
gg4Pf6_k0M7VySxxvKS2sg,
ewOGN0t8xSAVI3tM2aVijg,
2FWCpAk8NgZUVIXhQW3YSw,
_z7BY9S3ch99DbPRRYj8vQ,
LteXuT_CUr131I8HX4j0jA,
X1oR7vHwtfhM8IVdzQaM1A,
Wy8cUi74KFY5_nZ4VmcYHg,
9j0rwaRt7zh-MOjpqt7pcw,
MOjW2V2eXYXmksr5kTTDEQ,
jjW1mq63kFYgKLtk-vJ0Dg,
CUN_f3xnVN0d0WQ95O0BkA,
0B-hQYBWh8sKJjkNx19Row,
KaTAnPI1b47AllagVoFDiQ,
cbf6T01o_mKHkyfi-L46UA,
66mtq_0I_36RoAS2_3jIHw,
BbXrW2-83Jvs3qrI3Te5iA,
rZX2iZW_gACEaAL6FLM_8Q,
H8p9Z8fV7djJmXzzsUIYlQ,
Iw3av-jDDd6s2g88GSkkew,
J0aDleAod7FUFgJIceyyzw,
lwYqgcCqhjmGq0lInEzqsw,
op0WfvUCZeTOc0vF3Q_T7w,
4LnngfedUu_qd6Sqc4MIuw,
kcBiVZ30BZbBCkSwAkFBuQ,
hL8Crhp67KFEixFs4RmNDg,
wXDGwVtE5MGtu4BzwxE1cQ,
3VfpArVkYSaQnKFhdfhx0A,
16-cvWed4uykD1NUYHFnDQ,
VUdE8TfI_OhP5xU9L0R7iQ,
-caEKwjPhTcCyM1cRxHfLw,
-lVugpXMdUWVneTEYkhCPQ,
HpxhSyW0BqTNFb-YcGu0hA,
OB3Io-T5XqfOiipS-7Nmdg,
hc3uD4EDKT_WKvZ5cfcB3Q,
cMaMZ-IMh_-CQz_YktlucA,
r-r24WTCtx8aDeT1DftAcA,
UOUhK1YsqsG3WKKjon9s8Q,
fmk8cv35pPBwezYm1aE7Dg,
rXgMdri4WAV38CuL-KtB-A,
XFP1yR2NqiFa4xkPKXqsWw,
swSFWOi6kkyv8H5g3AVybA,
1uq4QTQQs5Gmw3c0zvbX5A,
SdY1Xs64zb8h0QnA_xUVUg,
obu6HfiV5P3Ji42ZlJXIkQ,
pWfQKnj-8nPsbmcjbxZLtg,
NY4-nPjr4s6KEI1LV9WzLg,
xzfIZ-J5EljPv5txrZ1_iQ,
A5mbB_vRG5Or1DwVWEz_bw,
LXdKY8QsRkqw5ujkc5wyqg,
fC63-GGjmIrWrCvNru9ByA,
rjYjp92RkOPSIgIn3fB2lQ,
omhzQWXCDIEAf-jz5vyxtA,
ju2FkWnMy4jRqSoSZSowOw,
kD-WXMKHv0WYpBKirrP5HA,
aQN6PAZ6QBv0uZylJD7GUQ,
gMR_H_rqW7zsI1eg7hQing,
FYvx9BS3qR3SdbIkjBd7sw,
-ar5v2PlJ858yW8T244mWg,
9jnmJc80ZTJBjPlh1jkxtA,
OiZAV3yNFMn-AiJ5_oZ11A,
R-1TCUhvD9k_meLSP1FBhg,
yenbUD7TF3hCmGL3zJFXBA,
3m9agZxcHqx932-V92KkKA,
srceU2cvv7VJfnSHQ9EMew,
mWSg32tBO0emtbH8cMzbUQ,
z27lCOTV1DQuAHonvFxpdg,
urqER-nGJe6xFc3I9O5t1w,
DPXXHhyW_UmP9Wp9EgKTvw,
IDXhhYhUVHB0FvsrCn1Dqg,
ZFcqAw0OgfDOhEvfyc64rg,
Ox4GJmhFj_QNUdPiIAg6fw,
gvbRVn3FXeE6xQIweSoKZg,
zxXiQE6DwoqpGAXsU1JyBA,
_QIgr33oB7eOT668Rndx1A,
9ZSd_5-pTkHU19Khj-r21Q,
a-FWpunQtGS86Ma75BjRUw,
4ryghszxST4ZzLPNIBzq6g,
ZOuYnfzZM5T9vUX1f3YgZQ,
npDtNdRNZtOXr_nTtRYHwQ,
hwvx_nNbqnj9zSRby02qXw,
fWdEfjPs5qFENOiPpOUKUA,
neWwb9W2Ja82RuW6VDFc3g,
DS62AiT8404WQvL0_PgYUg,
vIrBFFm3SkG26iZDi5S7Uw,
G-WuHYZd18NhAE9gHUf1-w,
-oyNqhG3OdcXS4Tf62Efbg,
-t5u_4lHafeXk4tlFEGg1Q,
eUFz8Jr6h1b-BBi6SRIZQw,
UC-bNPbshgjTboeIz-Q3Gg,
QpFQhgIKZ5bTckjdLPp3dA,
tIwdHjbOai6LAG_3xhJQBQ,
LPbo0heEThKZobvqiJT3rg,
V8WCwLD9AaR8d_vFpr743Q,
VbUD9Tcc7X31gcAsYMrl7A,
5Y-UW_0RjRKCetqlt9ZuDw,
80Z8z-0ufzCfdR7FKrlapg,
QYyfAIIlA86A7tcrGL5kBg,
gFL6OaryWW8lVF9LsgoKyA,
Swn8CZ6I_CLymGRejPJTyQ,
UCyEeuLwZ_0mBpbh0WduSA,
sBCHvWRB35Q4OaAlYrotSg,
KDjtkttQJtJUwS5xlMOMfg,
nCslFUAwi1_sSsoUFzLgBw,
FAlP9gRVmA_gFOF0t6IeQg,
UCdROD7N6d37vnp8x9_b7w,
UzExZQo9BoujPERsCkCThA,
PixoWor6kTl1vsUq9IHW8A,
KSM9HqXevs2buo5zXRAIOg,
GIlZYm72WAxDry8jCSJznw,
OIZz3s2PQKktH1JR72eSzA,
jIWH6zrtmFJ_gzepB8KGiw,
6ftlhChA_FhOYhmyPQUspw,
Iew9ET5sJFQFsGmhMCffZw,
ssOpk7lMrybKnQkINYft8Q,
c0Huq9fVyp7BuTvQzOXShg,
gi2AiHB5M6oqJ2CbQP2oBg,
ZqgGOZKjY3ZleV-A7gjJOA,
EAJIac2tSIciLQ2cZNI4vA,
8T5lOEVo_hjYxqSFGWYaKQ,
9MoiZwVx850bWQyMNh8TuQ,
6HnM6BaZMJ0GFNV404kLIA,
Due98tmqHSLV2sns33N2mg,
dtx8d-AJnhICewNb5h0-Lg,
8JujmhH7Q0BJBLI82xmhyw,
TCaFKchsstpWiwDeKYB6ZA,
ZIwGbticVO08-axRF5V-5w,
OdF5_u4vOCrjSsJV7PWOYw,
UgBmB32RJA5_xUwF-NW1-Q,
sF_U-ygYw32bDnLdojzpgw,
2LRg55SrjloaDd37gGO3jA,
Si4eyDNqMQsjgJwj-Ak1SQ,
4Ic8mN8hFDmkQfgGr2Arkw,
IWHqumXobW22yOdC5lw2Sg,
OPpIdRBwz93eYG47pYJnIA,
wnxrfmjWI3Wb7l1buv410g,
nZegdiIDpfKXRiGx3z-zGQ,
G_c5lhh439ldxBn7DoK8Xw,
S09hzwVZyIK1a4BDhmiisA,
cdMTg7lLm14BTZGgip1SRQ,
hoGTpXAsVbqoQ1EyRv_E1w,
TxLBgOrQSMQdpgU65pikPw,
E0Uz5I9To_ERfosrZFFa0g,
dp6FtB_k1qOeCMxHMlLWHw,
oapTsIE-3ob78THuyk4frg,
iQsJ9FJPS50av3PIY_H9Og,
lcN40EghnAJtOq5dFO1_Ow,
_us7-M-LPewzf5EG94_Seg,
13M1zbD2QuyF_nMBIP0BXA,
v66kY-h9T8N0QozVinkwAg,
KZK1o41UbgVN1CyGSUKHSw,
hBjxeU6PIK3ptPc4eOuLLQ,
e9jNkFnFB8f1fANWPhSv5Q,
yQ7eAbcNbYu3sB8JAEmiMQ,
fuxcciXdjpPtZNFVZeZnQg,
1mU52gW2bEFsUrr7v-MpIw,
93DzPT8weuxjKzpRuFSlGA,
EeE81_FMwMd35yt4F3MJ-Q,
IruRJcVKsNdZLgWGvWFKKA,
c3t9ubzytbqRxduzQiHzAg,
6Hnfha0EnunmMYCwHfPYKg,
1STIDTA0bIkQYr_8WgMxjg,
bAARId3IcCQ9dTtoTgmV0w,
5Xpj5SWjf0RoGWUt8SFx4A,
3b9zGJrT4EVGBWhKWDc1DA,
ILE-ksesoHk3_CcthKGErw,
vxtQwjDkrMX2QdHT8hbInA,
fn9xyCoHgatDkhyu5PA3WQ,
vRWT_NwhiPBggSZUxqOxRA,
UNkkoIeCXypcY2VCmsyyNg,
IQxLUuFx8lwtl6ItNrenxw,
QRUTUHuSMOIm95n4daOjPQ,
Js1Llu_icTlBmUJTUbc2jA,
MZsyO8e-eOD5rY12GmHThg,
EeSIPItiusy0WHkmbUT89A,
P51WSvzHSu2FlrI88MILQg,
o1qQ9vLvLOcYdShjYk-T9Q,
x0fySRDisIpxFX68Mjw2Fg,
7ZlbwduCIqYNdHekHFWUew,
MQTbQoYQqFr78LfQ2xA0lw,
yKQ2QGGUVnPO4Yz4fMEXJQ,
hJ8X1lmzhykHimNjUbpHlQ,
Xe1aSKhclAtSYHBXtEUogQ,
4wPQhu3ehGmMlgqZXfsf3g,
eARKOy8uXjp_Eiy1EISS3w,
w9qSh5IyPCk8e6LRmXTTvA,
ZiOjko6T0hYn0_Ki-Qr5mQ,
_9uQa7gOnnXhUntUCewwkw,
C2tIc93zq_TLIST1AXQkAg,
dN-MgI4p6Ta3GYFrnBPnAQ,
Giv_fkY1z1g9_LrG_hTX3Q,
hFAyPTyhGz4WmJZ1raulyw,
r5NpAvmw1ZeZtmN1XOfrUA,
zUED4bE9HTSruzSqLK2Nww,
OhUvkOITuWWXBWEaVtd1WA,
61x1wZ11HI5DtQA-LrEqag,
YO-lMSri2GBHn-u1CP0DCQ,
Kgg5YjyfMJ9-c_BdQK0OZA,
AruH8iB0ZzazHTTgoxQ0EQ,
jwLhquUlQzLbCVD646Wbjg,
pQkka3yzGu1A1lxy1M0wdg,
SPOyEp-WDXOHiVVH9Ukssg,
mFpv9iCwp6UJDIh7T4JrFQ,
Gp85STQLSe8lTzRqqmy8zg,
TuDHseRjj1UpRsVf77F0Xw,
TsacG2qVhfg69382ydYr3g,
tuGAbjOfBcjWJtSa9J7dvA,
GtS-INIBpJLzuEGFl6238Q,
GL05j6021Jov6Mr96YGWLw,
w43P4qPrG7ARwKwBWrrL_A,
BpcIU2Pv2P5v8IDzbcvXmA,
BMFynub_vivWqe4v9afbeg,
cUYMA3O9LRRlN1yr7t3NsA,
9dnio-WVulwdT-_0zon93g,
Kql9QR23r_MII_fDk42-Nw,
lEcBwHoUCrnaFg_8Gi56MQ,
fa83uBoIDM9INPCfQLPF6w,
OWAhtRDutqeBzuFn4v9FIA,
UDKkANM72sxoEQk2uK_fkA,
OgMVGavwMawGyKVWrPY6Bw,
DMnosQ2WDUdA_u9ex7sXaA,
3RlariVTtT6nuBwW-OyoJA,
c75dTZ5Qr1ZfgLRX9vWFJQ,
-q7RTFlb3o5p9mFMqBrTLQ,
AaqgpuNcYg7AEG3bj6gBVg,
m1oAyI7KXWDzc8a5Vwtg5Q,
V2fwy4ROJlTipw6EZFzk1g,
HFsz3MQeyHXP7UzmkGjLTA,
pcXYcBB6NzMPMB5BRleDGg,
HV_fRPraLl8DhXhOKKgB8A,
ve43TmIdDQGOJv9rX6HeEw,
S59-x_cEpUiIcb6xRY-QvA,
yFqJL9lHNWTp4cREjqCjFw,
X9jLHTOSxcJsD-7rmtVbJw,
X9jLHTOSxcJsD-7rmtVbJw,
xtFj3NpkXwI5xl7mlW1TGw,
LVW0Zuhc8_9FR3Cd0KzDnQ,
VW2pFCUn40l7GeODVSOLOg,
QIlZh_gl7d0QRO2rmjH_bQ,
ym2NZ7XNqVYNwJ_-sYed3g,
f3f3jefNlsWBchPWKFez7Q,
wXymz9cpWfDfDaQTyq23IQ,
uaR1sQznAkakKbC2ZJ-Vrg,
CTZz6c2XCJOmVYRzCZFbRg,
c_stuqcV3AfCAaot5vJ0PQ,
MSSK4Yb5XgLIHM5Mnm7T-w,
JOa4QDRap2sdKRMzH-QNqQ,
n5DT3L0FZBQHjaIJpTsnDg,
Y6rBnFZt9k1CCCnNL9mOIA,
vA3q9haNXYacoFKc0FPdnA,
WuJIkZBhzY5pGtH1lPGchw,
JGX7PnQp2yYOjpfQOq94cQ,
fzqx8sPjU7d0Ys3FEEGV1Q,
iiiW4pgzIlCAisEZyoqqKQ,
F4EdaLf_7etdpYyQoD5pvg,
Esw6Y25GSAqdQbbfFy-DGw,
BR8-60-B28hp2BmDPdntcQ,
dsBLIqKEdKmbZ5icjW9LgA,
MAoPXksGwN1EEL3VvYxpZA,
rNYRLMhj1BzD647GhHpY0A,
xB64QhEJC5n0ivnO5wY3Rw,
TrPtTv4XBZqCspLe_rZUAw,
wTvki3ebTunTcBLYInmqcg,
ElS7C8eq7HWIC0hLx-OF_A,
2gSk3wucVKxBF9lNFaCu7w,
_7MnKsgWKoOBhKRkBmvsjA,
nRM2prnw8FeRzEeMnjMr0w,
Q7201TCwOGxFCXlC4DRehA,
ffqKvwsmYYvTnbcXvllGyA,
JqzMFCFPI-kIgTeFL1AZUw,
RvFil0ixZwg-iMjsWPIHig,
4S0hwp4jQGOgRflH7hufHA,
9ee1LsGYP55YEvDYFoLhjg,
kyXqBtBZbLQ4IIFqvNxn4Q,
DSVG3HUwnLEP8pdeAV8-4g,
Z47lkpnG6nvqfdeUB-T0Zg,
N4YNilieoiLA1LHMn456aQ,
J-YxtFSN9NOE_u3XBQSQiA,
nifAn-9_08q8idnBKoEMsg,
TzXQlHJ98FrsUSNAlOBwoA,
tQSB9axHr5v4mS0_N8PGnA,
WtA4OJ8dE29-McNC90lqIw,
5uS91ROiwn32Qb6a4pLBxg,
IBljLGTJkGYTb_JTmZr7Kw,
kp28Cv6XcmpNkssQF8CA1A,
4lLQHFWXeLMjoYxGrA8Mlw,
HL7MquHzxLmZ_yI6NHvqjg,
Yusz3edzo2J7OexcPTWFAQ,
PpLGu6t53O7WkNx4TtURkg,
tnhKeWlg7MyAB2JK8PXL_A,
dcuCOuBK7zK2z9ax4wKyFA,
TTZXXIuTmj5Dcb2UcSm7Ng,
p_rXrE4hJ6uZRhe2nJcPzg,
uruqdafgYJQkavHw-8C49A,
SrCp4Rfb0NcJf0Jhr8dR-g,
hOgFZKIbGHv7vKRcCaLacg,
_xsnSeOT-Uj10Qrxno5t-g,
6Yjy9lD7A-3KZmWRtkaVgA,
BPdz6832uDWdMlwzaiETqA,
zcfT2nlfxdESCtjPNXxIAA,
TbCHRdPoiPmCnuvTs15AIw,
4DJ0OVz__ez2mbnbL0nYaQ,
WSjmpx5oZDTbGzhnFN0zCA,
35Svsji91V8Zt3tPUXH0-w,
5_PNvUg4qWd_upfjC4VCbQ,
xsit_r0tk9t95WjI73V2Og,
jsesG2pIesyazNQc9aSTNQ,
M4VqXcSiwIby0EM-fSTRYQ,
v7bL93EDyLfbJl53xRy1Uw,
JwG4UNVTmWzw5M42xZErpQ,
ijZHhABoP-9tj1VfqQLaCg,
4XR1gvL9hQBdFMjzbDUhTA,
OS_64BEZvSTMyYl-vvopBg,
mVI1AbmwGq5qnYbPMl7B0Q,
gf8kRLbc-ADLJGdVX_oJEg,
hDoJSEhMang2CSS8QJinyA,
mMQXjd-8hEsMZeT8IFFtPQ,
W8KMsZz4TqNS786LaGZePg,
1WVALFkRM3pCooSIWCYrFg,
-0romx52pcR7-Nh09u-4yg,
L4jdYcgEKspmlJrqQng8Cw,
ybSjRGn6O1y6O4dID6JNmQ,
lYuZwrtXKe8it79UHAIvrw,
OzmonnRJ860H2hwYkyDjIg,
QoBGTnv9bMF85ZXjHxTsig,
FOOK2YvaYrWR5EmBN3qsYQ,
BeR__AJGbyowuOsCFiShaw,
KRQR1aFat6ZFj1dkhVHbJw,
xIMUpmvdUGpAeCTBhR0RSw,
aSF-inuRYKdIa0bQxRwpFw,
kVyk3pgft2p8TRhwjppkmQ,
LY9xSNkelnifilskiyDwTg,
mtN9KRQkRH6mP5YTsrIT_w,
K_p9ssZHBkeaa_ODYkQ8Iw,
S69XF-2-X61EwvoJQBk0wQ,
UIpA-gCYZLJUn26FJxeOUw,
uBVTXoToUe80Wcvtg8qG5g,
1KqZpZMvnh0Do1BFHGjnCg,
KkOkoXKHgy9ZfCDw-Xb05g,
oCztgnKW9dOjWX7MFKyGVQ,
Qq2ejlUys7-OreD27mu72w,
RhdlyKSBciZGP0f5E7jVlw,
HbDWHYjx-E9_S67fUaswKQ,
kyE54l9vV5aphg9bZWsGuA,
NsceAWACye1lhf_mBhbNGQ,
SDKIXrQJ2lvPclOecn2NcA,
LYR8oBhTDeWCcGTtPbvSOw,
MmG2XUD90gsG61fKVymckw,
iHPHL-X6ZNaEhAWa3IeaKQ,
k9e9ZDA33nhpv_0Ezi4uxw,
DF_jEd9rSkQx4vjcF33-MA,
ukCBCzX-nZ11nXNHXkaO9Q,
xWf1tRZ7Q1oX5JS4hTHLUA,
0Xs-Aly3nfjoduYzR5tsLg,
TgeOIU7hJIIYEpN6y7GBQA,
B_PYts6J9ZYD_AhtlKyoHA,
V8YwNNFW2A5iKYtzE9Wwkg,
nQviYlXnPa_qAn0NX0ph_A,
I0SGcexdhRfeGbMibSQyJQ,
77SVND9mGvFbxIcSccnElQ,
OejPhcNeEoZLr5Pw2bpC8Q,
sMX_snCvRTdsw9q7u0xuLw,
licrPExhjI9Uzsc3C1gC5g,
O3nYUm-pvduHOJKZGNsQEQ,
fUuduEVuKS5sxnwBgGTv7A,
ywwV_fJhvFktk69vi3BZaA,
jxCSY9WJrc908b6-Mp1q3A,
9DmKSlrlmRoJ6L9-fB44eQ,
ej_QSIY_4xDcI8q2mXwidg,
eM0xCLWO0win6izZTfgA9w,
cpnffAZ1E-4bnHtT8XK7lg,
tpmq5KDh2jcVPjNne1BuwQ,
M7PcMQMt6ONHCO9J9gXtjg,
nMCjo3dbc6tKvKxEvYYOQg,
TL9849jFHyEZS0_W52hvDQ,
yuPZOq1vQTrdV9ffxQzlCg,
ppD_ti7WEdkLw_Tb6ne6og,
rG2R0d5tyHRZ243393_Ncg,
-ntY8_uaXeYpFSEKRGCqGw,
NZClQG4AFmj-zepIqsWIlw,
nageuiKR0osMgObswkfq8g,
oIm840dA3ywf1gTURUqkbw,
051MAuV-wcpcDcxqF-mIxQ,
HnXPcCgiuH166-ms5OUBNA,
01hBGSt2N_PivhEDM6UxLQ,
f3JAgb7W6tFZw0xFJmvWxQ,
kOFQyaYESIrrmo0Kayz3wg,
93JVqzbq4gK_tHie_H00fw,
EwbJJ2uEozUtY6qiojVllg,
UryxgnwfoHKFX9XBwruJEw,
XlF4VoPOWGpONJ99Vmar6g,
z2bFFzRTFM55_sGPXAhMHg,
HlvUFVzFIvdWdd-BFilOvQ,
BvmvUd1u4f4ia9foHaSDTg,
amzKaM4tFXZCDojYBZDfhA,
lp28s3At41qZZvtGzrTpSw,
YaolQvE2Uba34kzIZ1mhaA,
rtDLxd9XseavJGeQ8XYr_g,
_6iL4FdE5bf25mzC7LMj_Q,
PPhGDa1Ob0lPWBfUraofIQ,
PEiBV8oENWsJjOnnepuT1w,
W4ClKZ_83W66_qYnF7yrcg,
Y3omIj91hFrX064kVP-Vcw,
tsh_dm8JyRCYlSya1AImmg,
tBbE50i6BKOcbj5jG8jKFg,
CJcjcaX8YT1DsL858RrlmA,
JQhAr7CgKZTRmukuDwmceQ,
HfjyNGKirvuxR5f3MFshuQ,
832056me6MfHslI3zb_0xA,
NTjN8o6Y1ShCrcgD-K2QnQ,
dQ74hh6t-DUSx36A1vD_tA,
2tckZNjXsOzJkicjU8f4qQ,
Xzo_hQFt7cT6n-P5ahQM-g,
ANYelsKyDxRM7NSEz6aj2A,
DIXBFfF9779Gcs4o_nsq5g,
wujAbB3oWPSt8Wewe8ZS8w,
kHazFZcircA6fggTKQ8KIg,
7qacu--is8fHJPEFLsuL_g,
L8o6RLIxtia92LBW8Fyz-A,
5PbVVWzyCMrXRwGDqcTn1g,
zmEStdgAW25tM8sXECSBlA,
ksw2przPSw6x0ViJ1ZxBMQ,
TacYL2vzlgkqmqOUqNyZHw,
kzNmySdh-Fp0Xl9T34EgvA,
gwHkD-OTUyle-QE7nGUKVA,
9ijotAmc8YpGzpivdSydwA,
H8ZGX2OEfkrsxDyYQT8WmA,
qxOjrpINgPI0B-8atS_XHA,
oIgpIBcAmnIst_q2JgLNhg,
sVs0Sy-hOrs7LnZ926dW5g,
bDYYnZ8n4wDjxMoQVnXXVQ,
loV-6RxJhQ3fqHKpxofwmQ,
jrwYzl5XIYPRzL1-FXXrSw,
qqG9ZOxuaEDTo1BLib_XRw,
31BBcu-7nwOBp80Fov01Dw,
oHSoFUp0XyFpZMIF5Gh5XQ,
SOZGDFnSJ77YvMqfg3R2vA,
-_fOTKOiBJ_bpje5rv9IvA,
lI3s8aK9XG6xIYM_LiURjw,
69QTS1koo-GPzF7FNjPLiQ,
FcR_BtlrrcgeH1ajfWxT5Q,
AfNScUxmpioNmoSttFlHPw,
-EnJZGFU9-boA_ZH_bSd6w,
_XTHJj6kvnXkgwTT6FXYIQ,
IAB7x6dWKyi7G3OHu_1pXA,
eiqroVP2UqTIOM2fEyaiSw,
_7qUbbVV4BDyVfBcVlcoFw,
De9nCHulM30tow6Nl_UlLQ,
qXUrUjuh6bhP3LF90ueQlw,
Gw3IJCQmYNBcHjo32qwQxA,
I9QivEPYQnoKaJtbHXmR5w,
g0QkDyo9weDmtHBuDiunAA,
yiW-IsStnKSysC3SDmYSqQ,
Rlc3zElvF8ucbk28aRNx7w,
OlwB9FZHl9hu20L7PuYteA,
BOkrxIuwG3SSRGrQHU19zw,
elVbbmAvwMhJyst_ESbBrw,
HJFQYLLazMWclgL0Eljfmw,
c1CpdwY-buDpqwLvQV9W6Q,
Ok6tZTkF2CMlUkGk44Kslg,
LdcoDrsW0RypzH8wApysLA,
iYTSf98MuHMbD06uL6qDWA,
JBUlEOUugclvaIbxs_XXEw,
dmxgR9oSMviVM3QxSxvqhg,
nVUiRyso0DxTzLzzW_0uMg,
7YT6MSwsYMqimLqF8UIsSg,
Q8YT2bxxgP6LujOevDWL5g,
Lh_OHkXwSaKC1PTD49aqvA,
gW_1SN6-MKZuWerQs4hO2g,
VECSBQPR_dfYL-tSLxb5AA,
ftE1TrIbb9xnL10L7fnJEg,
30nUKSvqf_ovkWSVJYk8TQ,
4_INI2OmoL5NEgSy5AyzGA,
bY_lusACs7AQ4XGOmwe3CA,
-c-kQomF1kZt6-JCoccZoA,
_9D9IKPZkNmjl07WYmaQ6w,
Pr0yNBhPbDzaKuAb3EqIVQ,
uMKkUJ7waG3UgDbL5_29bA,
a43CVtXGQityULTSlogAQg,
wsdzQwHfCmCftJwFl1DC1w,
h1Vwt_uC-zXldi8fE9okJQ,
BFArVHjPat6V4Yx5kVlmFQ,
YFpNpOGw0iqmDVthpOf7SQ,
XmtHU_H4R6RRhi3LvbI_2g,
mWKBtdOQreliUCQNqGY2RA,
ZU8S_5cvfarjO1dBLBaJ2A,
n_lJ4orUWMQm3jP4FNlVog,
9JmgW8KAv33Yy1kDd3_5zg,
8lMu9PTzRjwTr-hH8W1i1A,
s5n8nflNpgb1LBd7aF0pMA,
xspFtqxPtrjvlAMVtGPoUw,
RWgpU_qMEoJ9XlaorB44aA,
yG0bPtRDmYTxhAcOjDdzwA,
YTkmDazeSF-2XbHZFJxjNA,
XRAMbF9w1cWS5d1bQdETVA,
YgYuCkd32Nk-ykLuMgWwXA,
yLDhCEjBMDfNxGZ_WXZnlA,
m7cFStpAW6iItSBaDzRihw,
qBvY_J5Im5y_VZqGWM43Wg,
h1xYigEEsd00M5S_gn1mFw,
_Ror0bot5d3OfCVAVr7VuQ,
Xn_MjVa3rccm-lWZpZjLFw,
xX8EjKOwHM1InnDZkB6ukQ,
Xgv7AITWf3SCjPXpfEI8xg,
IjAeCR6_Lg3HJ80k7fUPJw,
eNNeLr5Rs8QteQycd_ktng,
L_dppvPFVOpJWSqSHFztGg,
uwCVAlKdSc2JOI_4VU-Icg,
WQTkhmNYhiLWa6Cy4mSL2g,
VOFC6l7aiAhnFvTw_yyUDQ,
7sdeZVLWpuZpMi5BhP5w9Q,
zUJKmXXG0W4xTSs7vwn3TQ,
OsIHJsXYqDHuxayEUus2sA,
SWd3LTAVdFIKCop4VLXVeg,
XCDpKcmM8pmYO-YUq0OmpQ,
hal8O6kUddPzDcugd6WWKg,
V9AxrF7AN93ohkBlAKFOGA,
_icTWuWgwFfLPYNTvM_i4w,
Ex27-5C2lElVz3KDIWTmEA,
Z3iecXUGTLRTaAPDEGOP8w,
0hKTMm-zZ_9zfqzjZM_RMA,
iml85_FltxB0GvCuUCw-Xw,
EXSDT2RztgM6pzeoCrWHKw,
ThwyD-sY4PwFm7EM89shhQ,
aSHB8iackPmGL8nUTBNIAg,
E4_lKwRj3m7n-kRaF7bMWw,
EdN0r9hBOhuSLVyj9SCnBg,
QFTw9YwDDLB1rNCyL-uybA,
DX4se_VymG68vAtVReZgCg,
sybCXgIscUKUnV72WH1lNQ,
N4BTHc_jYNVVZiSwzShsWA,
f6RWlUOZXHkJnpimDIzUBA,
rSEhil6HxLJKdvVr27VoOg,
XUGjNatu10FGVcMNowoF5g,
dO_kpxRFhjBzzC5nT5ikeQ,
YjVDfNOUn4qOYhqtv3YcNg,
AWqC7sOcyRkvfkyGz5P3aA,
6bzIA8eXv0MzPc3Yr7so_w,
,rpmnetwork
ec2353VAreJrmr5IeYKUcg,rpmnetwork
Gu7F5__1Vf9ycYa2uKPmTg,rpmnetwork
MVB5v9xSaReI5mlMTUKtvQ,rpmnetwork
JmohBF66ODP7l_mlQ4lt9Q,rpmnetwork
MiehgQIa7bbWRhhPQwuMxQ,rpmnetwork
0kCpu-xGQLomZvKoWBYTDQ,rpmnetwork
9Kz7Nqdxf-1JKQ90bYy8ww,rpmnetwork
dYCCb2GpSx-UyDtLVyuKIA,rpmnetwork
bWF5lZ26vqKMh1bCgkBt9Q,rpmnetwork
1I0_4x9DXsG_CXaTR90Yeg,rpmnetwork
8SEzGBKIsCdnkfJMu5AJtA,rpmnetwork
x2Ov9V31cZH5F1du3z2rIg,rpmnetwork
AjF-URxRblM4KnghUK6WNA,rpmnetwork
2lwZs7lxdvVgh-5DZ20Urw,rpmnetwork
5bydwthMV2rWcsPPtm-CDA,rpmnetwork
pMBvJb2nKItjpfFjs2X-dw,rpmnetwork
mAUB21qFbZe13VmTHpp9uw,rpmnetwork
fazZgvkm__WoNadymROFnA,rpmnetwork
pTTf88X6rFyyIkcZE7mwOA,rpmnetwork
NV-HjV_GJoJjB7gECl-RDQ,rpmnetwork
gF73OjbqoLF-qcdzq04E-g,rpmnetwork
LE3bKBHiZgz5Dte-M9AWiw,rpmnetwork
_CjUe6aepH7rXQEqaYo9bA,rpmnetwork
sgftqUdgTaSu2VSyNebR0w,rpmnetwork
7NzOO7ix2tFujzrs5a5-gQ,rpmnetwork
z0Os4ZEgxosQRrI-Gbk03g,rpmnetwork
SWzQH212MEIQYGdM_NMDyQ,rpmnetwork
kcA5pTSdXej-MewDnp5Ncw,rpmnetwork
e_TL7jsmcNMWsO7xbMa70w,rpmnetwork
XWkijjXvkHOCNrAdgi85Jw,rpmnetwork
SSqeg3uqcugSgkqnqRgOCg,rpmnetwork
xLyX4LhGBN-tJDYUGZu5og,rpmnetwork
7Bjc9iybcYPr2k3MdNzB0g,rpmnetwork
A-bXBSNw0GAGjiOFECij8Q,rpmnetwork
aQJkvBOYDHA_Yb0jqZo1iA,rpmnetwork
RTUgiXt1XbHf75bEKyF92Q,rpmnetwork
Db1GGBOn8XdzojzW4qH8qA,rpmnetwork
bLzo-wkcS6pulXPmjWpF8g,rpmnetwork
GFbfCXSAyEAIK2qCvLApww,rpmnetwork
-1_P241HsrirUK18E5h9eg,rpmnetwork
1kR9dxFtNcZNGsu3TEo3jA,rpmnetwork
i_c-qO6-dxfALHK_smqJKg,rpmnetwork
DGZ1xV7M87KLrWT2zcC3Ew,rpmnetwork
qJtEfcSbWU9wUmv60JaOQw,rpmnetwork
zRWFUOXoBgbJfFZzgm9T-A,rpmnetwork
RsVye6jJb1Co2AQeOfFSIw,rpmnetwork
-2TkNImW_n2eoeYWRslXpA,rpmnetwork
Q263VBouXu2Fv4RHFWqwoQ,rpmnetwork
oJhhMqJvL8iOhUu9z7G24A,rpmnetwork
sg7PmBEYdd9fOAFJsvWDNQ,rpmnetwork
PF1SN1YKcgXX5M0ZRA96Ww,rpmnetwork
0y4YKrSbtq60yqMfmL1XjQ,rpmnetwork
XwDzE7oleOEc5s-vkORIbQ,rpmnetwork
J8xmzbXg2D4omnYWh6cmkg,rpmnetwork
I95ayF-fOqeDR_cVwKdlqg,rpmnetwork
KvjhcABoD1WaQw2VW0l5rw,rpmnetwork
UIgIhSttnrx4jasKwMTJQQ,rpmnetwork
5lg6_-SIupYHKeITjRrVag,rpmnetwork
bOBfBLQDMzd3xwEgGGRxmg,rpmnetwork
OVOEDOestTOhZ5pYFR5pCw,rpmnetwork
StkQzNR4StTfKE1LfnsytQ,rpmnetwork
UVJc98Ss7B4y3I7Xc8csng,rpmnetwork
ifX5ag4r1R8T0a5vMYgrYQ,rpmnetwork
qTmlSpYMGLdHXsJO7hToTw,rpmnetwork
o7qQcWyHUYXvgAL6gLHQgw,rpmnetwork
VgOYeEmFgOxYNYbN3OPPDQ,rpmnetwork
ne_9oB-wzuPFLmyBsvwO1Q,rpmnetwork
5y_qKXcvEFf94EPikAvFqg,rpmnetwork
EdfJwhOaF_Db8GYe8pPtAQ,rpmnetwork
69cSWE45bUH7j60g4sVPig,rpmnetwork
ttOWqxCQlPQKaPiE2n9FaA,rpmnetwork
pyyFsCzfwOpRfI0MFySwyQ,rpmnetwork
wcVMxlL1hr8zp7Mx9BSvkA,rpmnetwork
qRI9YPh7BjC-VmJdJgwzXA,rpmnetwork
QOW6t17vkjXSjbAsn3YQJQ,rpmnetwork
BofSSDlt4EZki2VQ9PWnyw,rpmnetwork
O5w8UizjQ36Zl5X3zHRPRQ,rpmnetwork
nbREBgkq0GkWqqP6RpBquA,rpmnetwork
DCiONnH4PrbdQqR1y_7IfA,rpmnetwork
inN-eirgNwGj5Mf6N2yQVQ,rpmnetwork
pge1p0ZV_mi74EP9bG2TLQ,rpmnetwork
_fRBUkiMTjNUIk6NXVGnbw,rpmnetwork
VuQ-98W-ABxH9eOzYZ2FaQ,rpmnetwork
bXCSQZWBhP_fyYGCYvyZdw,rpmnetwork
79BZY36w0ckJOdkmvwqrDw,rpmnetwork
9fbNZB3odChqtU3CRtQ3Kw,rpmnetwork
BAvPAWE-lMP3QKl9bN5t_w,rpmnetwork
degdP7PtpeU91jEZGGFGyg,rpmnetwork
FKi4gJKYCCKI7a2kR-Cfng,rpmnetwork
PGiAMRhcU_bD5zzTP5XlPw,rpmnetwork
geQk8s_Z-yaA-2jujBQ1fA,rpmnetwork
mNBkpng_2rtiuCbPZjxHiA,rpmnetwork
Or7INpZ_EFetx4FsrgOc8w,rpmnetwork
KvjhcABoD1WaQw2VW0l5rw,rpmnetwork
4ZDUqOe2qq8Aol2EIO7SOw,rpmnetwork
fGE0GvV4ImybOilUrdG1_A,rpmnetwork
vCW1JTFUM4_-4WmNe0ZE6A,rpmnetwork
Toy7GzwkD8v6hjBO98tnSA,rpmnetwork
4OPG1Gyhne0kv_-C2Adthw,rpmnetwork
ZXkBackYInVNMIWECNGIqQ,rpmnetwork
TpRANnm-OPOfJ64h_F5b9w,rpmnetwork
drjLrQh5n73wphfK1EF42w,rpmnetwork
uY7g3VCs5jFMFvOSdvxcLw,rpmnetwork
1foS9gAJ8FhVZKf8tfi0Ew,rpmnetwork
2tao67uY7tLKDdY-bShDRg,rpmnetwork
PBOntmOvz0sc1QwyASBumg,rpmnetwork
FiaXLhxBJgTE5gxYogbf1A,rpmnetwork
zg46CaDCQBc5q0DPZnw1jw,rpmnetwork
U2Ij3bQ0YgN1fYHWsx6Zdw,rpmnetwork
cc-f3-bFOw6CoCNXDqgpmA,rpmnetwork
0yBbF38aJo2e0bBfY1K1aQ,rpmnetwork
yJIMfe9EVd5OXvmu4goZzg,rpmnetwork
Qy2bSWOXxdSCyBn3FQvvYg,rpm
igt-NV4ClR83L_9hV47r4g,rpm
2g4YX4gCpmzhc8BSZRQ5jg,rpm
kqemuhyYDqmQMNIMjJUoDQ,rpm
G0p0KmXOfwtJdCvZ-eMSxA,rpm
Uu4Ua_237O8VmP7oDTJ4pQ,rpm
n3w4-h4Ht3uab0gCEhxx1A,rpm
fJgQhHMzgN6VR4A4iFz8Pw,rpm
W0VY_qGqtyq9l-ZXCYlWDw,rpm
pVA6dBr-Fbvacyy1Py-AGw,rpm
MvAD6mztDrnVUtqTSD0grw,rpm
Q7GmdyYrXel7EkD8jeCoVA,rpm
QCp1VeZ0nuErOixeQV2UXA,rpm
mQkipPBxSH3c_UpCpGMFvg,rpm
mtqwV47ramR6Zm7RK7tcsA,rpm
1CiNYbfvkxpYv6BZG8rtnw,rpm
ieNT_lI1j1nGYX_rvPuTGg,rpm
RaPctMP1Xq9TtJP7DJWDMg,rpm
wqS4wFBMiWnscN-fRXg81g,rpm
2KnA3JT-XgFin9ma6pIOcQ,rpm
57bNciMeK0HDDCfpNJpr7w,rpm
pUvYSWbftt_UquWYi34sSg,rpm
Ne9Ec7n6lAKpIXjpVjm20g,rpm
6LtyOdLEqOsvtRQz3s0mzg,rpm
FRvJAtPs0bbCZ67wYxOB6Q,rpm
Y4_ajW71reF1ThjWIAM-LQ,rpm
OIqu7r_FVtHn6lQFHOVmrQ,rpm
qu0IjUIBaFy2pwZuzmRC-A,rpm
3SJFMD5IsW7xBRUI_r0_PQ,rpm
XWIW-wNa_NQagrb_8c7vFQ,rpm
9JHtBBUMDVYkEQYtvhH4mg,rpm
D1Gj5ew7J8zu3TOwq2fQqg,rpm
jEf7sHywuDz5FRLZUvsrqQ,rpm
aNKIDul1Ess1piGyxWcWGQ,rpm
hdkHYo364CIjLmryC3yOSQ,rpm
vOPrH7cjpHo4nmK2dXJzeg,rpm
_Ut23LE3L_ZnZME4eo-_gQ,rpm
rPW1EJaOfGMp_p3tefNF0g,rpm
62_L-550M4BJs2cn4ouBbA,rpm
n4BNPzJDyxkoBgXRuOFeyA,rpm
4SSe8Uc6-yqYslQFYSyfuA,rpm
V-rth_Cs_zu3g3yzSLQCzQ,rpm
sYFqoassYwuTFR_lT8GFng,rpm
Bb-dAFjbAN_LPWQCn4oONA,rpm
oGjL8XR9uSXDPPXfY2XGVQ,rpm
x-TyZHGOpa7FxlKD1Idxgw,rpm
GjETdt4PobqegtvuWRid5A,rpm
XqIQ0UhmsiPVZMplSjptmQ,rpm
M05LS27UQXot9rciKLtE2w,rpm
3AI4Sxm9P5Iyystm1tuVVQ,rpm
SHiFY4SH2q8SfgNNu7vYGQ,rpm
cFVA-y5-QYlkQTDfKkc6zg,rpm
OVZtzGNgcu46jr2rpbf1AQ,rpm
vR2CXXBS3uxZi28hnuIqTg,rpm
ftBQFIemlYBeVlbN2cGYcQ,rpm
t20JmEszWhTJRYju-uUNhA,rpm
yGwpBvAwOmPDVsg2Vgy7kw,rpm
bnLTK97D5JGzY7aLgbVBXQ,rpm
7mpB-tKdfQasFT8qXmvbMQ,rpm
h9hUXNg_wsfWGoH-NrMoGA,rpm
PyeHy-4Oyxx4FIeb9vyGEQ,rpm
9F3WFnHYDjKhBOcsLdNkOA,rpm
wOUykkxQnWwihnmMeDX8Eg,rpm
V7bBha8ALNSYb-Cco1xzaw,rpm
AnzYp89qz3IEJYwwhMOw4g,rpm
JSvPjHrj2YJxxes4mOQVgQ,rpm
-ZEZ_cgwVbfFyH6GYvy2sg,rpm
GdRMvWQ1zH8kEkkq6IYI6A,rpm
_CxPquHFk0j1Ek9Nz-8mKg,rpm
OsAANIlEDE7Ei92z-GYK8w,rpm
QaDa_HUcqI9GHq49mNkrJA,rpm
UCyEeuLwZ_0mBpbh0WduSA,rpm
egZc6OLKzfeHKMpiSBgm2A,rpm
AOJwEyntqlXYArWpUV4e6w,rpm
myzLsTzAjASD_5xPEUIjag,rpm
FGxGDiGt8_fSMClYOWB9mw,rpm
sxkqwnWUaz5-AZWa9tFzhQ,rpm
htZQruIDBCQSfZzimsj6Vw,rpm
xn04SnlJWefUBWXDzNyQSA,rpm
Ie6YSPZUvXlriGjiH9eEpQ,rpm
kpvxToF7pAwNL3BqHYL9Gw,rpm
1BZnq-fX0Ea4ka4d8cnc0w,rpm
xVAeoHgUH64K8XnjxdZr8A,awesomenesstv
UYGHSiqzogR24R8SgD5_3A,awesomenesstv
oNeIh2n_BjoA-FWGMrsKJg,awesomenesstv
eIY6k4WNK202kF7TaS6jpA,awesomenesstv
vJPWHVqP0ZoRbchuhT7yPA,awesomenesstv
iH6LqYRRBn4Qc5FOp9sB9w,awesomenesstv
BVLCV-rYhwHzqJmcG712PA,awesomenesstv
usM3WDOAVzRUXS-NcDqx-g,awesomenesstv
aAhOcpuFCjPKyAcWm2GXtA,awesomenesstv
ykBIKtTS4ZkdnNtA0go7hg,awesomenesstv
m7Ho6msskLOc2AkqUsHNqg,awesomenesstv
mGoI2mYYFor9FMmsn_s-7w,awesomenesstv
-odrxRWCo6rdVTd9l08hng,awesomenesstv
32GYz5u-yUZqurEio2q5RQ,awesomenesstv
yG9OQGJY7DgElCdBaqhwWg,awesomenesstv
n-8p8ZWAz8HcszaLTBqklQ,awesomenesstv
wrNmBJAvS1pfwaVF4vCjfg,awesomenesstv
Jwhx56GHzksrRcI7OwGS6Q,awesomenesstv
VH19zZaZToaU2f0kLE94zQ,awesomenesstv
SeSi420AooC4h6Ugj0zmHA,awesomenesstv
tzBJAL9tleZBjv8gpygIIw,awesomenesstv
C3zDtxUXDdx1TfeDyMPQqw,awesomenesstv
28WtgkghahGwaaSMWKKUFQ,awesomenesstv
6LqEqCHuwCJ2Nz1RSxXozg,awesomenesstv
fze02lDO6gm4jPSTPBKlTQ,awesomenesstv
wq2ahltpoiExC1DUKoGQew,awesomenesstv
yUMn8rJYBCvTqZlsRcLOmA,awesomenesstv
d7x6g8a_Lz2WBOMC7mILXQ,awesomenesstv
9BVDKrWNSr04TQcSwSnrtg,awesomenesstv
ijWv1t3gKcKVfh_JOEEC_g,awesomenesstv
IdjPNEEj8AzKI3U0QRsYAQ,awesomenesstv
1kL0jWNiAgOh_Xpx_lc9dA,awesomenesstv
_GAdRA8kFbGk1cdlV_u3Dw,awesomenesstv
Wl4qsa1da3vxYortsBvD8A,awesomenesstv
IWnoh0xc1wJGnB6MiFmvGw,awesomenesstv
lexQw6IwCsIEexBMmkBRug,awesomenesstv
5vHY32F95WXpe7bAsJS4eQ,awesomenesstv
w8wm8T3fIy0GhMeGPfi35Q,awesomenesstv
x0YX7GO2q-9RDBoGkl1usg,awesomenesstv
FqiD7-DxB-Lk8gZGO2OSsQ,awesomenesstv
FqiD7-DxB-Lk8gZGO2OSsQ,awesomenesstv
8jwuCpKh6FqlJFTqvp1rug,awesomenesstv
GMtoj9V9Go_im4289d9Oew,awesomenesstv
A3m60iPJRmqU-n8RUI2vPg,awesomenesstv
mvaxLAA3w-vcqkACA0ystA,awesomenesstv
EgbZF1_NIDDduoO1e5I-OA,awesomenesstv
bMX3FHg59fL4IF6Hg6MV3g,awesomenesstv
43Fm4Jh2ZeN4-U3-I8xH9A,awesomenesstv
s0jX1yeShArjVBrBNlyHrA,awesomenesstv
vU_KzEAcOmRYDZJ0fIhqKw,awesomenesstv
8uWH2C2WPR6J6IuURDMcSw,awesomenesstv
1O8rP7f4fQGD42xUjv5s3g,awesomenesstv
LFiljlUc8_zibOLXlPKr0w,awesomenesstv
jzpSw5-i0CM7UNWmlu8hgg,awesomenesstv
Ev8cherQfD-w1ivZ6IKKDQ,awesomenesstv
azc1TNVlz2gUUpWp1Go8lQ,awesomenesstv
0ZAg1KNrZh8jo47Cj_ah4Q,awesomenesstv
hM8ZmZLM0sFi_ApTMU7LZA,awesomenesstv
FzMv9NEhBJicXTwAIRxxsQ,awesomenesstv
do7LJaMZM2vS5u_BVLt-aw,awesomenesstv
0ymwXz8-_p-9lyJ0NpdTNg,awesomenesstv
vfhl7pbgWZT2naZdM-Jv4Q,awesomenesstv
81zlF0eSteNPzbIH4pcF8Q,awesomenesstv
REJzfYF6Nok4Da__RTz_Vw,awesomenesstv
Ifdslt2CKtViEho59focZQ,awesomenesstv
hVe4g0X25bd0PJjvA9hPRA,awesomenesstv
rXX9SyWXOKbf1kGlDORkuw,awesomenesstv
bx6pClCMGeTTWydbGR9zzA,awesomenesstv
uiqs_ciaqmagn2BqPfC1Eg,bentpixels
t1l3Rzk0URPKWAQ-7Nvxeg,bentpixels
d3SYxiDa-XeSEsPNA2CS7w,bentpixels
KAOq6VCmrGvXC8fIs6I68g,bentpixels
GXHnLgB25rJ9euhiFPqsyg,bentpixels
wnL63iwtlHyFplf3-th-3g,bentpixels
AlSiX8nuSGUUZsv3C92rAA,bentpixels
xc6luPg1GBu-QK5r6-nK9Q,bentpixels
KNMgOgzbV35wvYtkk4GOAg,bentpixels
SFxPaH3-jDV9c2FNwzBQdg,bentpixels
UcW53d4QaBx2bAO3tEVDoQ,bentpixels
yXeWZtWizW1WKbZQBYeRMA,bentpixels
W-nTiduQso39qU-nwRLFnw,bentpixels
_7SNlIMGR5d8g1UrMsoHAw,bentpixels
DtCQw_SW1v5Zwq1ktvImgQ,bentpixels
NwodgJfr0MrZl7tQzEQ34g,bentpixels
8pWKIRUnqXlSFfT83IY-lA,bentpixels
TPy9zCZQ5m3QeVAAY0gG9Q,bentpixels
MX2MAhSEZgiETAEP75vn0w,bentpixels
yhmVeMH9_GzcC2zElN5v0A,bentpixels
tcPbqzas-dP-Ox_s86XHAQ,bentpixels
5e2XDVS7Ndez97vqS5RDdA,bentpixels
iF-ZlVI8EXo4-J62HeOujw,bentpixels
Ws6Ei847zp9JKDeVuNCYZA,bentpixels
vR5eZF-ZQd59K0QtKO9VAw,bentpixels
LdkX7KQO5V0b6wszuDwWgw,bentpixels
3MkASPJQ7n9CZ2P-SSOItQ,bentpixels
x1X9mdm4qpZER9CmwyGS4Q,bentpixels
MBHX_W-29gxqrEA18eUZUQ,bentpixels
vB7F4wg9L3ii5Z7yC0hSLA,bentpixels
2gH8MfPW4WKXlfvjd6qnVA,bentpixels
0ua5Px9Gm9QBk9whRD420g,bentpixels
LtagY4oo8dvDps7PpxY2Jw,bentpixels
Kn2316RXP4nADvqRwICoVQ,bentpixels
Fwv2w_SYScMMoXUHfSGSbQ,bentpixels
EWYm2gwXz9mCFg_i6oitSQ,bentpixels
eG3hLOa0WcWzYkEUnsbquw,bentpixels
lW1qszaP6pAmjsPcM_kRhw,bentpixels
kRw-bGsNHkM9xP5zLa8cvg,bentpixels
KCbW5zbdTJSMlMNwf4jUeQ,bentpixels
lk4v3pUCO7Egq4LHIWyt2g,bentpixels
-qAOHm0nYsVaoQAQ3Jyf-Q,bentpixels
-qoXmXjgL0TUnTTqZJXgPg,bentpixels
ZRNUz8pheXZ8rM5IXWVH2g,bentpixels
C2077FTWvGdNxkV_WRBFcg,bentpixels
KAzA7oYBCAs0KfO22j8VBw,bentpixels
yvkcYSN_3tCV0yTzAuQjfA,bentpixels
K7JvvZp6Wvk3ZzIFjmAOow,bentpixels
87bZAULJF99FKiDqJNPnhw,bentpixels
EDPV9eJdFHnUH1N-KjQ8yg,bentpixels
VOZ_lm9MKHIMxr6w54z13w,bentpixels
V-HLO26CEzJXzJtW4lAfFw,bentpixels
nbsoRjJCzP2eiHKIC0WMQQ,bentpixels
lqZTV3UDImliLEk-Cc2xDA,bentpixels
Oy6RD0MsGuMEU1Y21mJyBw,bentpixels
n2smMbJBEJNo1ftggULOmA,bentpixels
O9tKfOXgb_0ixu0hERrEkQ,bentpixels
TiMfa6E3wUhYJozyfCHyZQ,bentpixels
RDaMCjRQ_d4xS0hhrWmCcg,bentpixels
ZsLyxras49Nb4uCn8jC1iw,bentpixels
35sEdVMhMsYuszdBw3Qi8g,bentpixels
bQpgmN1f0AxSYNpG9jusVQ,bentpixels
kMFg9r_A0GwvD5bP2dCNRg,bentpixels
bVSPgStA4CF9p3J18RF7oA,bentpixels
wXqN-shEJ4Jifp-XMczZGw,bentpixels
XIvw0lyq4-QlHgPCzEE-Lg,bentpixels
k_iYnj4JxvFEb_prLBmULg,bentpixels
_AL_SYO0lWSSC44MIVOJBQ,bentpixels
Pyn_fzHv2jHryay3S2nuPA,bentpixels
peCbeBNlwBzLU1DS3nh5Wg,bentpixels
ol6BitWKJzDibUgkv6zbLA,bentpixels
4AULmB6cPSgVcUhEhh2a3Q,bentpixels
3MwO9SGGTJlaxoJ2CW1bXw,bentpixels
Bw1QSxDl-AB2b4bzE9TClA,bentpixels
SPUpI3BAbQhy77lb0qP4jQ,bentpixels
WrahmG5GM6qCPQ6V91pdRA,vultra
2FzmBOvMrae3emt10oI3ew,vultra
TKFYz6aN_ikPM7_HOu8R2A,vultra
GIs4bYcpjTHA7DS5K9MfBQ,vultra
dJKz04rMi3lKdq_TX74P8Q,vultra
KL3kyBu9B_Yilf5Fv2NE7w,vultra
SZqJeNP-sPDsNXdTVkLTcQ,vultra
lChfMpwGpp4cV21VqSyubg,vultra
P7R-OIzm8PEZzChuxRDLKA,vultra
6U-WGnEWLebvMjRTdcEeBw,vultra
rXqvw7jGddC_6I7Io8sqTA,vultra
250qcrMjANiDyPwk2xrKdg,vultra
3d53Cbhim0v55Y5OTG8c0A,vultra
6hdq5V-7Wf-1dHyvDS7qLA,vultra
vV08rajbhJeR2D7fJywGHg,vultra
yUdLfG9eijbEfN7-6peXGA,vultra
Rh6gyhCMu1H-gJXc4-aCmw,vultra
I6MqRCW2KeZLtO9NiiUzcA,vultra
EwL92fVPqCdyHtsInIK1lg,vultra
J5kwJ5lqDxhg3PGdjbgDtg,vultra
gbHJENV6UgIZl1Rp_GXCfw,vultra
1U6Syu2w6INCwK-fYLYthw,vultra
wWkADShTexI9uKEdZ56Cfw,vultra
tCkMnncn9ZsnFqIKwHnXGg,vultra
xdxpoWT04adC3YJAiZf4ew,vultra
d2q4CZXEb0eXc_4eEwlygQ,vultra
8FLoONt32-TD2VF13IVMvg,vultra
E_MSbtRFjUrZQT8nGUvrbA,vultra
jMNFiTKl__IpNIoNegcybA,vultra
6OEaFXkXSrDqnXR23XrOmQ,vultra
_GX02zgYvu0mf-75cQ0_JA,vultra
ArfOBP3pAHscQjrNDYwXCA,vultra
vEVDyH4CiNCHPgKI8LCYDg,vultra
nihX8l5pA9kvYxxzxulW1Q,vultra
LlxrKZc5xdzyim-HqaJOtw,vultra
N74F1geIE_vswPQ_yX0Fmg,vultra
HHpGMJp8OErx8AgemI_OZg,vultra
ys4lCefRFou9CZacmZ5fLA,vultra
WqaHQLxePqyPa2y1dNEJMg,vultra
UGyq_NeieAMJsjJmPnDnFA,vultra
aviiPv-99IvryDytdzDXXg,vultra
Ay2xwbKmNJEfUk2mtv86iw,vultra
T9tLJJoDS_bvSACYWJcKyA,vultra
zVcrx71agxQK42JrObOj9g,vultra
tqH2Et1l7RJ-__Yk6iOZfA,vultra
_IoMLMqguNDgMuDXarIjpw,vultra
RDgvph93pHYy8ny9LzRdmA,vultra
afPxovH7lmSDS6qPu72uHA,vultra
EM0XWAU75wiG-m3zA2Vz4A,vultra
yhlLLmbW0Tl8SbbbtoLILA,vultra
yNHRPo5SScly-KTxXT4Z0A,vultra
3FA9bDEGD7_Yrfo68TrHrQ,vultra
1QdRGEJZKnKLkzCgSpNgwQ,vultra
Cnmgt2nwnhEEb-5W_GXvUw,vultra
ajLHhinyEMkdwPwqmA3PZg,vultra
_c6yfqk6sG5M1P9h34r6ww,vultra
ahJMlevTFDcoVIrA8BAgag,vultra
3vi_caROfPbKgHBAdBlEvA,vultra
J5sTGUwC5SL5YlU0bmLyoA,vultra
g3LIlfmU2sgJHJixTerOgQ,vultra
-HRc4tbPK98q0_MLHWAY_Q,vultra
Oh-id_dnU76jH6e7_MqJxw,vultra
3gaUvV7RaR52hPNdxAYAFw,vultra
E1BdA7iBH85Tocb1NH4D7Q,vultra
IOit9aaLDo5rdpkYRJE1Nw,vultra
5NbB0bJGe-JsXGmli0P10w,vultra
In5BzzsZTaeKHxsSTLDU_g,vultra
gjMXbH7qldGOYmAajQpLvQ,vultra
JcQOt2t-iCF1CGTfczX8rA,tgn
qTamyWQR5a0B2CNlAYkjNg,tgn
0nqOi9H7E1RpNI_hTcCbWQ,tgn
C8OXEjCcQh2NInBTZCtpEA,tgn
Imcrd4KszYUySbwjjjvkxg,tgn
sHB5mKsu-48QGOxZzUfyWg,tgn
dqmxJoNn66RTAJ94jLzPgQ,tgn
LdPUOIBv-O0mTWtUBaQNtg,tgn
dCiPHZ51_aefRHa-Q2jnTQ,tgn
_dxqNXNp9dqbyDCXQEMckw,tgn
3GloJeuXFj77Z6yGQQCDMA,tgn
JlzSNLBCVPMrREyDfVeIjw,tgn
MWpIX4ps9ClmnQuwePYNWw,tgn
VXGR5hMWufngWjII3Pn7ag,tgn
yGVM5J_4qGFCkcj_IP-Cmw,tgn
u9lRNCH3nkRMLIoq_K5-Bw,tgn
fMwX2JJTEzJQhbdma_x8gA,tgn
Dhrr8W6hOM8aVzzZ2aNCmQ,tgn
YN1a2gUXAF8nGFE-FpgqxQ,tgn
ABEnG9WnSMBy0IGxuKLLuw,tgn
pnjlvS2zxhbNJuGNo_TxkQ,tgn
5Dy5vWZtQVpEZ8fibQYcyQ,tgn
AeOQ4V3assrA8BuYVt9uzg,tgn
WEe1Bdz1tjkFBIy43Z-JKA,tgn
TF6knYOGlLi7d-UthNJ5HA,tgn
ch1FHsuRgkBJkp5o2g2mmw,tgn
TZvaUXmdxT_bIJg-zLz8Mw,tgn
3MkSLMRz4KzhsjPUtBtPdg,tgn
TjhPHUHefcrgO5Z1MxRPPg,tgn
TE8wVyrJmE1kcJSTL_SV-A,tgn
p6KSL8TqNZDo9mrkNNOlXQ,tgn
LPUQ1cunUQIU68Y5QS91uQ,tgn
oami_k9HdVFIZLEmDGzZ7Q,tgn
oYoGugppvhK7aRsNSX43lg,tgn
hkOCH1PC1flZvcw8dqT2wg,tgn
XF-7YvTsb_VG-KEULQfRKQ,tgn
ENri1vG_XYB3DUYOqLAe8Q,tgn
cz-8SZlp4Uw-zg2fvQ6DgA,tgn
rILk8ENwVuu85e5Wh9U4LQ,tgn
lbdRL2E-HMwolQxhmqfNIg,tgn
U1BBlajd6we5iiCEvPotJw,tgn
meRoiZwmN1LSbESQbg4pJg,tgn
dEGaf85qnb0Ms5rMF2yJMg,tgn
it65PGkXLZysyA1Wf4KZoQ,tgn
Q6LSWx1EjvDiLC4MZuCJnA,tgn
0-TJEQUp2_BHhvXoOLMadA,tgn
AeBpGwHeUj4gSrnaz9AAxg,tgn
onbwIADBIj5NaI-yqvV3Zw,tgn
zBPjgDWpRTF6ju3zdejpiQ,tgn
GyOGXdj1EMrsv0JKMLQS0Q,tgn
CIwOiElxvcKLW9rbLJKvWg,tgn
CFs11HcnNlzs8CPp7Be1jQ,tgn
V87aZ00HpHltXq5UcK1wFQ,tgn
meRoiZwmN1LSbESQbg4pJg,tgn
lqtRx56oKWdkzWa08JACSA,fullscreen
UbDt4wbXwPYoo-1rcN5KNQ,fullscreen
WjjBG1iDCpa6QIE5xhPS3g,fullscreen
r13u11PBgLTLh-lXpC_EhA,fullscreen
btWPWI43riamQ4gPWxi_Uw,fullscreen
WFH4sG5ICr0PbyiIJFEJNA,fullscreen
7kRu6fcWdiM8Y4jFX2KCHw,fullscreen
NGoGWC07pV_rGkODRdRigg,fullscreen
rol_PRhzRNFUh5UQUlTdZQ,fullscreen
qWf1qYM-IrdXn4RkX5M5Iw,fullscreen
GeHk-_K6Lee4CcVN2SKI2A,fullscreen
XkDdgMCy_nmhgGbrJZNG5Q,fullscreen
0uEnGcJRxwyHYQNDW3oIPg,fullscreen
zsh0C5UzbXMDzW9r3T7WHA,fullscreen
dnzeblggRwAi2cqrKP2D3A,fullscreen
uMvZuRhx1X6I7Xr6A-AU0w,fullscreen
cK24N9oSPdZxnanpm7sezw,fullscreen
Y6j5G0jjTVSZGp7P1iei7A,fullscreen
Dsn-c90FUOOc-DV3rLUY3A,fullscreen
kMT3DQXNCy1CnEGD_NkLIA,fullscreen
m7Wubay6rSXPFL0H-ZJZmA,fullscreen
bk3BpdaU_bkGwydQ4ClYJQ,fullscreen
ouCrn_BmX5QnSlwgoWYgaA,fullscreen
I_KHlmiNXxzAPZR5ErCZpA,fullscreen
Bh8Mz_3dajDAeivKkArgDA,fullscreen
Mp3FqpUmqIDxD4GxFE4nig,fullscreen
oNFGfDtVBauvfOUJ6H0q9Q,fullscreen
qYJxtB5_LUQT-gFLdTys0Q,fullscreen
ieyfZKAq1H5i3_514-k96g,fullscreen
H6zPNAYeEN-wvZRzoijezA,fullscreen
LmMLvPHLn0Z4M84Gpgl42g,fullscreen
Tijeu8C1JSgxu-n1FguS4Q,fullscreen
s8PqCmt1L9jRhQsbNtxphw,fullscreen
NNmHQRJC6q2iapg97OQ90g,fullscreen
HEVfop0q8ZY3zpuurrwONw,fullscreen
VzEacTWWgZZV4B_S4RUjFw,fullscreen
1qRRWsZr28pfzLx4ujaZnw,fullscreen
xM8wbqa4DyxNFLmLbPRc3g,fullscreen
u8y2854pZRUztkkW_TjjPg,fullscreen
_F8UHie-yhcE-yYh2vsj_Q,fullscreen
8-OR4ysKZWECrgnp5Rrkig,fullscreen
GDZPKrRhzhHvMjA8XA4g1w,fullscreen
ykhPENlQZhNKfAumXXuN8w,fullscreen
c74Ph1jCzGrIqYElbN6Qig,fullscreen
4QDIHu2qK4hY8Pxmjgv69g,fullscreen
NNmHQRJC6q2iapg97OQ90g,fullscreen
-UuQWqINogK6e9JqIfUI6Q,fullscreen
m_tci_2pfbHCk2O7GNW7Cg,fullscreen
UdCO0LVIZlbJ_dQwqavtNg,fullscreen
Hd0jRuqSi47F385hql59Cw,fullscreen
awV0gEBI7q1q0Hzq0ccuFA,fullscreen
BFm2PatxWCpw5e2HCgVulw,youtube
LVRKPGEF-NuVgs3VXB6Vcg,youtube
_Fy0BNwHbjv8uuewqcjSpA,youtube
wr1Qfgs24GaA2t7g4OCtVA,youtube
u1gEDcK45xdsaKtZruoY4g,youtube
_Lb0x9T8zdx2vGJmK04fvA,youtube
y9sCar65FruAEHUcTAkbRQ,youtube
Gw2bx0tRZInCRoCBmVhd2w,youtube
1JUM6IQ0xm0UBEnzncLshg,youtube
W7KuBl5SnlnesiB833DkZQ,youtube
unNNFJhzWHlcQIlQ8e7KlA,youtube
xJwwMBmTf0hm9hSc9QB3Ig,youtube
eWAuMpWKudjTHS4i0d4AGA,youtube
X71D3Of4ax2-LaA4wliYLg,youtube
4FB128O4pBzpMSb53fFpqw,youtube
WUDVmDtNBGPx54Yrl4OMbw,youtube
Giz-eu_7k20qgbjS6wy0ng,youtube
NbMcOL0cOnN1bXTbZytyvw,youtube
GlVy9FtqTUFOw7b6M7ceyA,youtube
-NhKQlzoBo4hT5hCF6IzPA,youtube
cYWbsj4qRRe3G-7El-0IwA,youtube
_Som-hlxAywWxGHzv35tNA,youtube
akQg78zZ6eszVmD2ebKUrw,youtube
ho1Q1rgmNod2lMUZTwcjCA,youtube
f-zn-DrWz2-r8Gjtqdkvyw,youtube
rObq-MiMqHLK1CmluX-H_A,youtube
MbObdxgRF-MTH6r6aglHFw,youtube
v8WTXXOTAVvoKBQGTvYAsg,youtube
GZnbLed0GxcF4CoAJYM9rg,youtube
rx0sshiC75E0YCzSzNQz9g,youtube
Yu4l2skD7CfiRr9_3d3ulA,youtube
_IdWD2QSNi5Y16RNAQ9PDg,youtube
gW7jgDPWQaxXoqQFJFAtyg,youtube
F-Rzxtlu_DtPbj2ZCptXNQ,youtube
IbIB0u3Qm4oO6I-t-KKupA,youtube
7fo0nyxvR1L-XfcBAZRoWg,youtube
vnKbtOlV46ldDWi62TDY8A,youtube
NIboC1lC-Zts3iyp6dUoTg,youtube
BRhX2fcp1olJzFlnLchrew,youtube
aI2kSiHyWRCa7XfcTIS95Q,youtube
yyae-E183s8lgx4cUCyr8A,youtube
JDe0K79ajytfKcSQjNTz5Q,youtube
T8kB22g1BxqWYSZwr5oc1Q,youtube
8ZJYbyP5ozatw7wYN-EwVw,youtube
n05qrpCigTWKgjZ7IUfEjQ,youtube
LZAunMYmLvhzMpwX9oy6bA,youtube
5zH64CnkRC3p3p2ryucvrA,youtube
qyn3RxD-TJ31IRv3egaNMA,youtube
dPc5DbkH4V9MxhF-Oqadgw,youtube
,machinima
Me_WLy8DOYZo0bHhPmlUzQ,machinima
mfP0uZhGtExqyTbyaC8x8w,machinima
kkRpujsu5khEI0BkWdpROg,machinima
1Qk_CL7iv9nkD-xxQAxISg,machinima
TpgD-23f8OVdshWOdcyrAA,machinima
AiPEDhMpEMdGLCxauphWvg,machinima
M7ZMsrOMI9PVHvwzKuUX5Q,machinima
kZipd45vFdTzMKjx69v2GA,machinima
tuKVZ8J_E2N9BqswnBTdjg,machinima
rDF8ctooqGJQEJ5FFrkeMw,machinima
CYvgm0KqI6gGV9Ilj0BMlw,machinima
dH7HNaIfVgHXBlc_yhxOaw,machinima
MF3RZKQrhqGt2zf2q0tknw,machinima
iFZwUUSW7DbT-TunX67Lkw,machinima
91DFWmhVGeWGrTDV7FWgLQ,machinima
A9LGDGgwxkqp4ilL7eVaaw,machinima
CYj_TS4cFagvbsGguzzvbQ,machinima
JlgqFdnMkWFHGugaJkGZvA,machinima
OBWxFjxaQAKlNh5xyemsww,machinima
v2IxyoJetx3b3nPbHJbx3g,machinima
mfP0uZhGtExqyTbyaC8x8w,machinima
i5LJp34j2obqQL2nUmFqbg,machinima
AtTDZJ9B-DF23Z6Ll5ZyLg,machinima
okOozncofliprhB2aYdOpg,machinima
a3fd1DvaeeUPvMEzdYpheQ,machinima
0-p6tzklONWbbBA06IcjVA,machinima
HCIy1ZpCaL-k-WX-dc8hUw,machinima
u5Uvj4ZsBx9ZRbm5Ehsn_w,machinima
GREezpN-dgORzphaxcuNvg,machinima
2ydGrVZ-0y0XcPmFaJLA-w,machinima
0ySlisUWtJMU6zHJSUzuVA,machinima
t70a-GxI40W2HxmyLSLALA,machinima
xbivvwPkudpfWrLQHGHQyw,machinima
ZdXCDG3MVIMeezeefHmW4A,machinima
zGLSfWbq4CiqKFO9lU9HLg,machinima
SWdOokiXQHAQ1Pt1oOQXFw,machinima
W-vwbYh_8Z8pwlGPR7PHEw,machinima
xMbXlqScrKiOqFQiQtrL5Q,machinima
ezrkyTbJH926dWmIkfLJMQ,machinima
LmXbAhDd2-CujWuHuWXdvQ,machinima
16D9SnEasZ3_uTvq0kCKzg,machinima
lhVGhwGpZAQiEMHLzNxhMg,machinima
YeLRjS55Ava9VbvsuKfEFQ,machinima
_oi3__SEUP7P9Xc312hy7g,machinima
EiUfeH1SNYR1c329zCt8Og,machinima
AaLJo0Epsx9iHFpLndjazQ,machinima
j8IEH-pSJU8_xEN31K5nKw,machinima
BG4rqCrZSvUsgdoAC-hu0w,machinima
2lJPgRa6PeDNLUqlCCmDAQ,machinima
3DJbsuPTvBMh8c-k1KNOlg,machinima
9aUwMRIWKwbcA-huycnqUw,socialblade
xLcKRqzHZfAPUXsRrkKtrg,socialblade
lCDFfzY4qN7OY8YzjSFV9A,socialblade
6uV9OxkMT4UPr9WoWgC8Ow,socialblade
7DsDWG3R6IgkpV6lA3U3jg,socialblade
f3RZYULsX4dPaMvD3BmgmQ,socialblade
Pf82f6VVtihO2zyPSJQ_iA,socialblade
L2pB4u2_6Cz_Got8kKxS9g,socialblade
HnsfvmMvFTOnFhW0XWxbNQ,socialblade
NuexvEk7p9e0f7LncNhuTA,socialblade
L8AG-a8bFUeGeo9Jzr6H_Q,socialblade
G9BAZRL5JFREMH58Nx1Evw,socialblade
UlRDMcXBWdNa-LN8pE_4vg,socialblade
cXbGva01VuxPYWFdEXGxEw,socialblade
SMtqTp1jgTmyHX7IRS3Gcg,socialblade
BO9OL13zeqiyVaU8VQ3r-Q,socialblade
fCADbecMlCZ-QP6nppYiTg,socialblade
XXsmfAJen-ZhRzrHWCxrQg,socialblade
PVPFcpoLUBzLTwtwc5385w,socialblade
lE-O10kkqd8gqSSNNJJf-w,socialblade
aQ-IHCZ-LRNDmnIHGqfwvA,socialblade
eDLC_awi3o6qRV5UTbNtIw,socialblade
ta8sHdIBWyTevRQL-KGChw,socialblade
5k0GGZxE2rhdYStOTFWjvA,socialblade
PXJq4jspqSnKpalsjp0sGg,socialblade
Go0I22u-8dAxJHQE4M13BA,socialblade
NV6tckdVW3L_wiBN8tz9gQ,socialblade
t74_DRFJyzzv9lho0tawFA,yourdailylaughz
AHa89E5tSiR2JI8JdFy8FQ,yourdailylaughz
Wa_Pa4H08fjlNZobxE0Pog,yourdailylaughz
2PtDERONgVvWC7MC2DPHKA,yourdailylaughz
ozkVn2mzerE289CCvlg56g,yourdailylaughz
6a1wceDaL1hF3n9aCsGI-w,yourdailylaughz
4yAHVxxi3IaiURvkmlTZyA,yourdailylaughz
DNAc5T4DxSmD7kmYlxVZ0Q,yourdailylaughz
rcOWZ85B5X25Eryzp7y5zA,yourdailylaughz
KhHHNhtPtLU21TLmlFCE6g,yourdailylaughz
iGhtjgKa2y4GC_aSHMyZHg,yourdailylaughz
1CZpflmxO2yRBJ29PEHOcQ,yourdailylaughz
VozdykZjUl_6gRklb0B1tg,yourdailylaughz
hrqDO6pX6vRvY2Rm9wAwug,yourdailylaughz
SCA49u8qgjIEsmCvrFDgYw,yourdailylaughz
lRiIfSMc1u8OU8WdeUlWVQ,yourdailylaughz
nz4jomaRs38ke8OHxmqikQ,yourdailylaughz
aVXs3y-fu8sA5IsEXcnghQ,yourdailylaughz
s14hAT3LFZ4yhvimwEC90Q,yourdailylaughz
XdBpQ2ueixAdAY16ShNW4A,yourdailylaughz
5zCPKPkiY0FkuZ10LT6kPA,yourdailylaughz
_0YUN6M0UFC_8rBgbLavtg,yourdailylaughz
OV-rd6rnMgf6Nr_VrcNz4Q,rpmnetworks
jAs5o_yRi5k5nndUpI-eEg,rpmnetworks
NIwTVLZspv0Ub9zJv_MB4w,rpmnetworks
MVRabl0WQ624_Lkhhucokw,rpmnetworks
Ld38mVMbr8x6PMK8KSNCNg,rpmnetworks
7c9nmP7fAs9qSDJ1Hj1CIw,rpmnetworks
uQPeYvfBeVaxbmn0O5HGyw,rpmnetworks
m7BjM7bZGnfmgFJoYX-pGA,rpmnetworks
XWIW-wNa_NQagrb_8c7vFQ,rpmnetworks
LqRcgA_08HFJpGH8UD_suA,rpmnetworks
ibZ7UevRbKBsb4m9mfHN_A,rpmnetworks
C8M3eFxamwjXfTozGpo-mw,rpmnetworks
080cBva6WcuUzjLll0FugQ,rpmnetworks
HeI1yqNcJ4y_13G6BIE3Lw,rpmnetworks
mzBzJ2O5rCY7X-q06c73rw,rpmnetworks
ojBeAuJ3oHZH1FJjItIi1g,rpmnetworks
oWiOBYAYe-Ixqk1b0qEH3g,rpmnetworks
N8X5TtW5JpqMGbyERC3ZBg,rpmnetworks
ad75V6Y7jVeD3WFvBjZGzg,rpmnetworks
6pg6MIYinewwO039-ciwow,rpmnetworks
zm6mSuNJE2CszxbVvjJ1GQ,rpmnetworks
xJVyMFSzE-GqnKlm5Rptgg,rpmnetworks
,none
-gkJKRH1VWrocjBQpbDmlQ,none
zzresfuxd_T-JBc5AfYHeg,none
zAiKkfKr2D-b_RoFT5N7EQ,none
zAiKkfKr2D-b_RoFT5N7EQ,none
QJP75DkVunaXw4Sw2EcBxw,none
hd5oNr652AU71unI8fWqLw,none
6q-3spcPEaaIIPiiZrD7-w,none
62pmZ7ghU2Uwi58CkXj1nA,none
9hkgOhNJSeTS63YLV9b2Vw,none
67QXudQnCS2xJDL6ydVUkQ,none
9sDgvRijSl_Oe93taqq1uA,none
3P4offei11nfVWdpspHnBg,none
U4UGYZJ_vL6MCUD7LNs4VA,none
Wc6RNWb9H1byfoCT4xK0Fg,none
,notpartnered
RHc46XsqMKw9zhEU6NKBUw,notpartnered
wH0hAwFQpC7S0h3LU7x1Sg,notpartnered
WIwz8b1NgomwF-Olu9smVQ,notpartnered
SgWJE5s7RpLtxH9sHe10xw,notpartnered
Q8LbJFVpYm-g06Vy4fKCNw,notpartnered
WCnTutNfMSy4MNLt1N7L2Q,notpartnered
iS6vtKPifL0ld3hE4Khk7g,notpartnered
iim5DKwaXuvhX5RkPy4n4Q,notpartnered
0v_tlLjThw7trtHHWJfsFQ,notpartnered
gbHJENV6UgIZl1Rp_GXCfw,notpartnered
1zWWJCleR98Vq-BflKJBoQ,notpartnered
D852daGM0Z7QnjmQjmBz6A,notpartnered
H2n_PJCnSJxiUhF05EeZjg,acifin
TCa9kaeVL18cl7vVzcmErw,acifin
tfNLpaImZkM07dN6PAebUg,acifin
jAfZ0Re0RDOzYdWTcGYJNw,acifin
dJctijZHeDqN7DaruF944Q,acifin
FmnHxIjiXxDXuqkw7F_GoA,acifin
SRxwZFJLem4ufcBhtfiMng,acifin
neZ6WURb6cWXM4rnn3Kbbg,acifin
llauixq9onoIfPvzLZBnYg,acifin
-DW6xB0rb305pddJC3e-aw,acifin
YN-hzsTuhPJuWTWqLeJxSg,acifin
K1o3NdwX4CW8cngVDOIq4A,acifin
GA-1RGMjgWpvomeWnNirWA,acifin
tTp9TSrN7A2c9XzZwZVjFg,acifin
po2z1YaVHVLNQIX_nUZJGw,vultranetwork
spMJ-eEVNUxyv2wzGQbr1A,vultranetwork
eaKgVKgvpgTZ1YcalBlgyA,vultranetwork
VTrV6YY_EN2LaqRb5jbWeg,vultranetwork
VTrV6YY_EN2LaqRb5jbWeg,vultranetwork
aylz36Dzg4iuiWjBwvbTIw,vultranetwork
QUSqwJr17MlfhaOtVLDwcQ,vultranetwork
QUSqwJr17MlfhaOtVLDwcQ,vultranetwork
shTvhSAMnnuJJr_M4efgyw,vultranetwork
YvXTPY_CTdHRWX2l0VpCQA,vultranetwork
pxeoMM0mJldNb2qGxxoI8g,vultranetwork
9pkBzvO3iqqlB639qKXLIA,vultranetwork
bd5rUES-MiUU5-L63SWUpg,vultranetwork
,
3Jy85cyGqwxOegUVMEp9pg,
j3DPifSdESHnvMrhTfrRlQ,
tLYKWuOtzKO3JVcquZ8yvQ,
RG6oIwj13CHooDlbEc-rVw,
dyhpBb0VaCfi9EGRnv65dg,
QbR72o_3Yhlq9x9910pd9w,
tdsvImqqfaFOUhSDHIgDdw,
mWabXutaxF4YLfyOtK96nQ,
,
ldvqnEeySw0xRtuqgjacFQ,
qFLxiyNFwy5Bo8lwMm5pMg,
b0fsUSMsC84QvlQaOFvmNg,
zdR3l9H5iphwv9l677vUVw,
iOSN0zMWH09rhrQKHgYGhQ,n4gtv
_8rBcLKi76wsAM0PWpgQEg,n4gtv
ezhNG4GLRktH3-_vMsQMLQ,n4gtv
RRn9nRLmXldMzCW4i1_ufw,n4gtv
1CU8FbsM0IPL8dSfOHWnOA,n4gtv
fxNUhfm4M2yu-NRooUH7Ug,n4gtv
_jB-Y6Nh_wj8fndtr_skUA,n4gtv
PkJFji1PvdMu6ElwvTCTNw,n4gtv
sfir6QpdclUeaEoIHGqoAw,n4gtv
cWG9aOjmV8DwwOCgK7Zzpg,n4gtv
iOSN0zMWH09rhrQKHgYGhQ,n4gtv
ezhNG4GLRktH3-_vMsQMLQ,n4gtv
,youtubepartner
WJoNTpwCY8DEkr9pwllS2g,youtubepartner
-TwL7ffv_Gb8ldkEenH_lQ,youtubepartner
HmIbB-hdQ_yl0GdumWvhIQ,youtubepartner
B3-TN2RONbO2Mn_D0NjBZw,youtubepartner
_hFFAgPqGMUAWp1lFK9XXg,youtubepartner
xK0EdDC4Nw62I91gC1ojaw,youtubepartner
PqSCsOF-xois6VtRdISO5w,youtubepartner
-pEXHFE2jmzr2WQg9lvt7A,youtubepartner
KlETU3qp-X5ciDXpAsOXRg,zoomingames
PGQE5qkk2JUrNNutNln-6A,zoomingames
RSzMqjTqXxIzPm5Vju5BOQ,zoomingames
IBqV7PI3sjrkDhQKeCL_ag,zoomingames
BsBMkapE1UySdeKlosdy1g,zoomingames
zdOfJfOxmvgR6d8TtTwNyw,zoomingames
Y899X7bSsBzeKpwa-heFww,zoomingames
idmdwrCsihTCVC4vwGr7Bg,zoomingames
i94Vp__dGBL4w8n3jP2icw,zoomingames
J_XD61cvkLGAhRPZsNz8eg,zoomingames
jaLaJumLwswRUVCV6c8fcQ,zoomingames
9PPPf7IBy-4Bd4gnHIrgaw,curse
RlzTVjMyGKrIpuDPRCX5Bg,curse
_C5d2kFf2KslXw0ER7rFgA,curse
BJLvzKYBCQJc1buauA3msw,curse
7r0igaw3QwOwSrqdJsfcPA,curse
7t0rCHUOaZNy4Zk-IFcZfw,curse
lJ923U3wiQKWRrR7pD7q_w,curse
OXBioNbP7oo3JxNfWXZl8Q,curse
ptNOWTizPKjnHYLydzUWbw,curse
CRrUV9ZiGBAYF4_aMQZLbA,curse
nr6K7mcl0ea78nUpR-yBnw,vidcastspain
l5-GuovLWcWdgo0CZ2glUA,vidcastspain
DxNqa9I27LEHMRp2ITLX9w,vidcastspain
B6tejxOULWBVTWMqAtBiMQ,vidcastspain
e8OpvyZiDxMy5t2JKDFiRA,vidcastspain
4-XAdhQbGNkSzxrHAsKuKg,vidcastspain
KoTj9Muy4PwSnkBHeYlIpw,vidcastspain
,aucun
P2lWoCFPE-gyrcZJCkpApA,aucun
AlNqy0APdc1X_hvOgf5CsQ,aucun
-z_1qyZnOOr_PDqePMObNw,aucun
G1TzFRt7jSbFl8hyXHd3PA,aucun
Lx5cW1ZHQCEPf0guB0uK5g,aucun
st9qKiryzkNhYyHKmK1h7g,aucun
_GDosMKKNd1qdb9D0sqAAg,acifinnetwork
4vr67g4QDmaKjDdHG3IkzA,acifinnetwork
Bllym80BbvhA0wc-ELHZbA,acifinnetwork
IQOaZ3X24WNnvo__ET-sqw,acifinnetwork
lwhGamrokDPOf7Yt6AVHrw,acifinnetwork
FYXBcWXvxn_2TS5zGdz3tg,acifinnetwork
WEfps_oCSUns7K0Zz2ukVg,acifinnetwork
67QXudQnCS2xJDL6ydVUkQ,acifinnetwork
STVpRrmDH4k9kVMoYuEBYQ,acifinnetwork
XL0ErRCwV7mCrS35RGY2dQ,vultra.tv
hsO2MNATfsZ3209gfPDWFQ,vultra.tv
RyHVvTFw181KRmt5Wsr_HA,vultra.tv
zJJw6zJ0LG1HZ6kh_65rwg,vultra.tv
VVFMIiyqHCG8tgPip4m0wA,vultra.tv
5HP4oYs-D4jymteCXAuQNg,vultra.tv
SPTXDv-syVRpSdRa0JJWsg,vultra.tv
YUIPPaWar-hy58IMt8UFWg,vultra.tv
qNZXcde5pLFxD2GfumqHiQ,awesomenesstvnetwork
lXfo80jiLqn2kCoPUEpPOw,awesomenesstvnetwork
1CNoA505iMOwsgvmBjw7Eg,awesomenesstvnetwork
AMHBF4LzMErI7rmK67TYUA,awesomenesstvnetwork
O_CS6RC53pP55qNt_kdcBA,awesomenesstvnetwork
KYMmOf9aPu9dXlXVYl36IQ,awesomenesstvnetwork
JfDIrNDsAeFoug3oh3f1vg,awesomenesstvnetwork
,ninguno
d0TNtU2EIllFdWyZXVsfrg,ninguno
1XwzuFiUU8ZVP-8ksEr4TQ,ninguno
UCJiTudVNgN9Oo_i2OYWzw,ninguno
AGzoaaBshpuaSVe-PkQ3Nw,ninguno
DS0veF5TDd3byniUqatSUw,
OwVzwi46CWBLVMmnL82R8Q,
AP-RlZIah4oVUWZhg8se3A,
V6pBMxLJjalJMlBZnX_2ow,"none
"
V6pBMxLJjalJMlBZnX_2ow,"none
"
voz0I-eZ8TRE4ceCmlZNYQ,"none
"
CjKxrYQzfLz6yxa1NCc1qA,"none
"
ULs6ZL4-wjAf3kHuFU_aPw,"none
"
Bppa5BXOrnQxJr_6ikQyaA,"none
"
5fEWkIoaZuHCYsN7HrAnZw,"none
"
,non
HAIFg0XKhN9M4ZdUQa7bUg,non
ymICmLwDu-F24Hbhcwku4Q,non
Q8300gltiLeopenOBuWajA,non
-6TAs0e6jztgSxjNlhQW2w,zoomintv
FIKXa_5tlZbFLMW4eHUrpA,zoomintv
29Rr0s2S1oIvjBMe44Itbg,zoomintv
PSnGtYlw3d-0n-EwRXrv3w,zoomintv
N6SwFhHnFe7YHT6XcDaoRg,zoomintv
x8RpLgYc3uGYozxFRRfW_A,zoomintv
cdafiWAEQzKPye0fedk14w,zoomintv
,viso
LsdDT6kEG0mz92j8NMchSA,viso
p7PqV31ZAkjez7m3GVXMYQ,viso
HRR-bwho_Db-ZAgPUSIWuw,viso
Sir1dZRh2enFyjKPYkrKfw,viso
gFXQ_wUb83ljYxo3lo-oPg,viso
yQVYTR5LoF4gs_ScANAMdA,viso
6DYJl0afKt0TLZMaOU1oRA,makerstudios
flafNzO2axi0IdDfK9K3iw,makerstudios
D9StL-_J0gUH3mM0V1JzRQ,makerstudios
5DAzfcNsJN_EWcCgNM4Ycg,makerstudios
zXdCVxKQQF1scJe06dFfsA,makerstudios
xL_Q72YiyQJQlu4FB3jxZg,makerstudios
,yes
ax4VuVp0z2-CU_P1rbp-PA,yes
FVVPDCZ2mgnr8dczcYKLKw,yes
ZLBmjpU32AFY7hUdYS7yPg,yes
I9XJZ1mnuZa8Id-FWtxQ2w,googleadsense
fVaIRerV5hy-_RGrx8HAlQ,googleadsense
BrwxGQSrNJaBq5QU7zJW8w,googleadsense
mFhqV8kMwnuWMKxLdTfHdQ,peylet
JlYMiPV4URiwkoEXXWHY0Q,peylet
iOgfb5ZS7ZlnZY39cG8joQ,peylet
TywJ4FAL7nt2uHm32kp7LQ,peylet
t_RJKhrQ6qc8Yk9_5he22A,peylet
VAYAoR9Cmq0GLiyQs1jHXQ,peylet
yOH_ALBH4sKIs0DAsvgBeA,awesomnesstv
Q3InRWbICb6pBqx1PYJI2w,awesomnesstv
J-YxtFSN9NOE_u3XBQSQiA,awesomnesstv
JxxrrRUUn85Xf9-KsPTDAg,awesomnesstv
japLcKiOIBfS8LzCg0eHwg,awesomnesstv
,broadbandtv
gH2p1NvqScpZkI6pEisVXg,broadbandtv
q98i5n39u7UPlH316i2JsQ,broadbandtv
xzY3PJRHvRB2SgBmInTLVw,broadbandtv
s5Rhg6Lc495LhY9WU70seQ,broadbandtv
,nenhum
RCx58J3AqmePT6-sS-B1lQ,nenhum
m5H_bYYTdn5uiyVps74X1w,nenhum
1sKaSp3ZJ3nddrdeKAXQuw,nenhum
1sKaSp3ZJ3nddrdeKAXQuw,nenhum
jlOTBGVKCd7awIRUCo5Yyg,noneifnotpartnered
gbHJENV6UgIZl1Rp_GXCfw,noneifnotpartnered
l82mMjgiZ9y7eL96NNXMtQ,noneifnotpartnered
H6DuU7-L1-L_UknwY5Fq5A,noneifnotpartnered
lttcJt4CUwKFn1QzM9WoAA,none.
Cgu5-KdISmDWtcQeYH8ILQ,none.
,not
nyjHrJB1pKCFtBflwrOxiA,not
XgmFv9hfpH-Fd5fncPQ92A,fullscreenarcade
jhvcYrlQjjs_RoWQUNdOxA,fullscreenarcade
sK2_bea_qEqp2BxrnkWK6A,fullscreenarcade
w1-_p12VYBeSQjtzAmNy5w,fullscreenarcade
qIn_6DyNCqkyn-9S-flxDg,fullscreenarcade
IyZQVzjH1wjHMP2aeXYZBg,zoomin.tv
AwZS_hfSJtd-JHBVvTadVg,zoomin.tv
I7CHJ00lmCPRhF5hDGqEwA,zoomin.tv
oTN2SGu6SYU8VdYvVfOTSg,zoomin.tv
KiA4k6ew9OkAShUwlXd6fg,zoomin.tv
FoI63q5rr_BJf_t0cMetXg,adsense
ZcaZa6oI7afctYDuQRVaKg,adsense
GaSVLarGrWzVZR0MOrdMpw,adsense
MOWptOXGrp4iqmIbeqFg8A,adsense
4f3aDQYC8X8gd7JasPuKRg,konsolekingz
Fdh7MbJ_a_tRB4mfDiUolg,konsolekingz
Ka0JBGPGodOQFGLY28dlmg,konsolekingz
J3-bdy1HGBrypAwI4eSvAg,konsolekingz
,unionforgamers
flc1RBrrfxdXCXhBjNWpsg,unionforgamers
z45jHHvIo-XAEYWhNzdWTA,unionforgamers
SMkpDh4d44BPrxmYqM-TEw,unionforgamers
,bbtv
yfYUl5yksidmEwgy9LuS1A,bbtv
lVI9gTvzH8refk5uSe1XLw,bbtv
,yeousch
NMBCjtgYanJYkZaYJ2rD3Q,yeousch
cKm-FVuHiTKYlrLOOH_fLg,makercurse
ymJ6yfRY0TRtcweuXL7H4w,makercurse
HuD3bXQLYckHIz1gZ3pYqw,makercurse
ZQEdLGGqUQ2_AmmousOO2Q,makercurse
,vultra(bentpixels)
O4ayKVi5oaBMcXbD1p-12Q,vultra(bentpixels)
IPN3zbpTC_Mmq1ktWl3ohg,vultra(bentpixels)
mkAyV9cA4Ty6lX3piJAIdg,vultra(bentpixels)
vWx_gsEYNCzH0YJ8nJGYMQ,youtubepartnership
3kFupV1slhDGdlOYBw60xQ,youtubepartnership
XrR9POSkwCX3KkNBV9AX-g,youtubepartnership
nxpCRsQqxX_VFtvdUT1Tpg,broadbandtvgaming
CAyt_qmg1m9Dqy88E2KNsw,broadbandtvgaming
7u6DGxbnetPX9JeBMuStJw,broadbandtvgaming
TfulNCiqnSZF3YohPmFBpQ,vultratv
yf3Yn8I1MOLt3LFAqGPosw,vultratv
yf3Yn8I1MOLt3LFAqGPosw,vultratv
MnHfmWAarC5X63EdhEe3qA,youpartnerwsp
LacegpII8lLfTgovDdmCOQ,youpartnerwsp
U1ou7edi-ECr-9MdUxCvDw,youpartnerwsp
MMwg4IURbZskZdNqXiGi5A,divimove
RkosA4vFLVQYW8iwkQajSg,divimove
bZ2TMLvaCdpND-PQOFdxHQ,divimove
IcV8s2TM9tmvNDtgyPR2Fg,http://www.youtube.com/user/rpmnetwork
c3NMdxnM-yxjq4RkEceQ_g,http://www.youtube.com/user/rpmnetwork
KXTna6Bas32omV422yg8hg,http://www.youtube.com/user/rpmnetwork
,nonw
uZZTMU68V96GJq2L_2LF-A,nonw
hxW9Xu5MprFKub40_-bpMQ,nonw
,noone
tJHB58NOzD1Vn_g5TNW6FQ,noone
tCkMnncn9ZsnFqIKwHnXGg,noone
,vultra/bentpixels
rxH_2xgNqny9Ake3S87n0w,vultra/bentpixels
N8wOmXuiktLCqgH4QSvjaQ,vultra/bentpixels
,broadbandtv_gaming
oBQPn6osPqp_gVPME6XDfw,broadbandtv_gaming
dLcxaOTbSKP7WmOTZjS_jQ,broadbandtv_gaming
,standardyoutubepartnership
KbI1g7Hn7y_H00uoSMoH4A,standardyoutubepartnership
_yUOVetW-JAdAwB7PaD17A,standardyoutubepartnership
v6fDOr_gmpJ07k7Vuqu5gg,konsolekingzgamingnetwork
M09nBj04VwGD86saqdlk2Q,konsolekingzgamingnetwork
ADpn7x7NQ6Zr7ZLqizbGKA,melberries
bFLnRYMwg0Xh3tW38WIBhA,melberries
,broadcastmedia
bx6pClCMGeTTWydbGR9zzA,broadcastmedia
U91zjNL-97XBSePWMfrM3w,buzzmyvideos
zHTuhMJ1rcYIn09NtVx4hA,yeousch/fullscreen
nWoZzXb5bAeWX-JJQOq9uw,yeousch/fullscreen
yEO0Scf9eNq4ipL_VoZAQA,http://fullscreen.net/
jwn8OHSsOwhVYz0PjbmI2Q,http://fullscreen.net/
wMmweEuLrYquCKhIVOcXDQ,http://youpartnerwsp.com/
HbUc28rq1oghUtrpTh-XGA,http://youpartnerwsp.com/
sXC5cpxFqE22j2M417ZySw,gamingmeds
DfU1yov6olQWyejQmV5oDg,gamingmeds
qyflQg85HbmR9st_qzrXLA,exposurenetwork
D6CwTxfGfK13-MxsEfUrng,exposurenetwork
pSIyxHJyIQxVskYP3vV8sg,zoomin.tvgames
AhxOCtsAJCdGMzsztRMGqA,zoomin.tvgames
n1ZBeCWPH0uN_KvntS5YOw,gameinside
_69zkcILdEIXtSyYTldhvQ,gameinside
kW_lX-8wzI1VeyrN7WPWNQ,crysistv
fkk9B408MwJOZTNjrztS1Q,crysistv
i0vxTDTM-wldGxYBS_1Ejw,creatorx
8W1TR1RR1pJugCkzt9lKvw,creatorx
avK3iohexu5BldrdtHD7IQ,google
Q_m_tL8X2AO8RIm_U7JwTA,google
WIb1N6tRv6lurhNhLbopYA,yourdailylaughs
NgWtwMG9SI5T8bT5tCnRSQ,yourdailylaughs
VJwOaCL9hkXcOnwBrpCpFQ,vurtanetwork
EsqFrsL7kWTNCFy4ismlTw,vurtanetwork
TgaFWCeE81VPooJ3F6Tw-g,visogames
kAs5lNOAnx3i7D_9RRzywA,visogames
Rk0SmAOlKwUp2SIJvkn4-Q,rpm/socialblade
QUvzRyZgj3xZwZ_hNFfP_Q,rpm/socialblade
MCj2Ejrm7BWeAXTmrgefVQ,http://vultra.tv/
X3utLGBSBDtWpQ0CdKzlOg,http://vultra.tv/
Hgri9DfSoofauzMn-qRK9A,"youtube,googleadsense"
ZBLHRMYDcSgFiZWufDckZg,"youtube,googleadsense"
GIiWq0aZsFFBuYG8qezSeA,curse-unionforgamers
KNwe7Au_8HRGQueSCPiTPg,curse-unionforgamers
DGKZ1bTu1mjTUqClV71dXg,broadbandtv_network
TxHZWYPN6jhplpXlIpg7TQ,broadbandtv_network
A8qpTneOYNlgbphUU6uZfg,adrevnetwork
A8qpTneOYNlgbphUU6uZfg,adrevnetwork
5FvJavWWwULq8coir2vd0A,accuzaentertainmentinc.
gFL6OaryWW8lVF9LsgoKyA,accuzaentertainmentinc.
4AIS9_wnAHOwZAEvnk71_w,vultrahub
Tw1YPOSxmdf_P7qmpbavPA,vultrahub
35gXXLEPvLBpdlFgC21dHQ,http://rpmnetwork.com/
EAKBw24H68Y6dEefTCf7tg,http://rpmnetwork.com/
0pO9v1np6BXPER8Mf6vGxw,http://www.youtube.com/channel/uciu1rlegxba1orgn7yhxzew
EqqiBIVKnOW3t3fadiBQ2Q,http://www.youtube.com/channel/uciu1rlegxba1orgn7yhxzew
-kaIxJACQ59PuX2JKQ63nw,quarterlap
SlUrmG6Y3uEmB_XvFVzZ4Q,quarterlap
,keine
pfij2jAQrgGVlHZadn__rg,keine
,cursenetwork
mXH6CX_juGwNFTj3PESdoA,cursenetwork
,noneatthemoment
fSwEZCF03P2guQm7N34V1w,noneatthemoment
,ign
RTOI5zhwFU-1eooSzgHAHw,ign
,nothing
QuyRAnqckT4fWv13xKU_-Q,nothing
,broadband_tvgaming
Om6q8vEQO64X-uPNY584bg,broadband_tvgaming
,kkgn
DQpmNL3gFoz063kt0FxuwQ,kkgn
,notpartnerd
1Y0NmVbRhE9DDgq8p-c9eA,notpartnerd
nAlMhcVUi9OdSijhp0N8rA,yourdailylaughz.tv
kkwkPzf4Zo0QpTz9Vz_I5Q,acfin
kBP9PPXAbzuOS9Nrca5zfw,adrev
hKuNy16G0oAZO94yt1sdsw,fullscreeninc
bGO1tCyjMlzqIT-tyrJNqQ,centusnetwork
WAEevgwCgaLoDTBFE2YpDg,yourdailylaughznetwork
TJbKnNWI57nOUZZW6Q1g0Q,http://www.youtube.com/user/awesomenesstv
5H2DUni0savTBWbEGJdvHA,thegamestation
,youtubeadsense
,any.tv
,writenoneifnotpartnered
,anytv
,awsomenesstv
,asd
,dfgdfgd
,helo
,yok
zzpjGNI1AdiwY25kTuq_LA,wizdeo
zm3XYTbcZqPx1awKzOQ0xw,"youtubenetwork(whoareyoupartneredwithonyoutube,writenoneifnotpartnered):*"
zjPkajZwt6GdbC6o2kQtdg,accuza
zaDyGxdiOJdlmUagmfcJAQ,fullscreenyeousch
zQdfYXUx8y-tRRrRAhRXZw,thenextgamernetwork
zFARj_r1KLFczLQpFhQFng,vultragamingnetwork
z8b0REPPA5zvJWWFUdfY8A,youtubecurrently
yv87LclJsn3DTWptJLmyfw,nopartnered
yopr0Ygu2iMFSIDPjS8ZOA,"iamnotpartneredwithanyothernetwork,buti'mpartnerwithyoutubeitself."
yeVfsThIHM_mEZq7YXIQSQ,makerstudio(polaris)
yeVfsThIHM_mEZq7YXIQSQ,"machinima
machinima"
yPpM1naeFH78T67ojNGXhw,thenextgamer
yNHRPo5SScly-KTxXT4Z0A,"vultra,poweredbybentpixels"
y3BJxMb10sN89ag1lG-CzQ,renovaent
xi2_nkMfxNyz65uIpJbweg,wsp
x_0Zy3mxk_prFEdyXId8cg,iamabouttogetpartnerdbyng4tv
xUfnyIYCboP17P3oABRngg,"
awesomenesstv"
xHIUo_dRWeVc59CORkC0Ug,https://www.youtube.com/user/mrtrollolo1337
x8rsPOPRL9wkwybY-c3_Mw,withyoutube
x6Q16G9lalT0n-JTm-S1iw,rpm(makerstudios)
wmbuvGcHzwWU0_zo5RWjFg,zackscott
wIbYa51z7-Cu3jbrfxk-2Q,juegoslalo1
w8fLvUOlR3LNwwnehbNAOA,http://www.youtube.com/user/partnerwsp
w-SuQeMIQ8X6jr0o5L--UQ,socialblade/rpm
vnvcxsP-0G06aPZzvomirA,"machinima
secondchannelnone"
viy11OVnoO7N-6zKKJV6Ig,"none,applyingsoonton4gtv"
vPgTTC5wjABNIRvxrUD4MQ,refreshnetwork
vNJCXlWiqdB8G7AJeX82Cg,youtubebasicpartnership
v4XwyzZvanAlVmULNol4mw,broadbandtvgaming(throughnecessarygaming)
v4AUAqUKsGYgGMz49V2PGg,creatorsnetworktv
v-2KABKC71BOXF4C61-lvA,http://www.youtube.com/user/mcfonestudio
uyR7jFV39M4djqDlelX83w,"tgn
www.youtube.com/tgn"
uxZXPsERrmJ1JS0SNFTxJA,peylet(zominggames)
uiWxgmjDvGZjtiT9lPEZlw,awesomenesstvnetwork(beingunpartnered)
uXvZ96KC6y4Cuyadf-QdRQ,awesomenestv
uRHUOweEZ0o7E19lN_oCUA,oui
uA_So62PUwb7aSvS2o6nDA,"makerstudios
jeremybriggsstudios"
tu-B6gBN0opffw7nUnQAvQ,"rpm
rhaptv[myownyoutubenetwork]"
tEmZC3GEQ4thhPcLGkxMnA,maker
tAzitluifLNilsn37vLKqw,unsure
t7p6SqFMdH2KpXXvYRxKEg,stilldecidingifishouldpartnerwithawesomenesstvbuttheydidsendmeainvite.
t1dJZ3tCizvku9lBoGvfLQ,mightbepartneredwithrpmnetwork
t0LV1jRh7uVoj77pCk0WMw,http://www.youtube.com/channel/uct0lv1jrh7uvoj77pck0wmw
sybZYdfWAaXHRp7iDbPKeg,"theattainhub-zoomintv
vurehub-forela
thejexsnipers-vultra"
sy_E1KaMucR2EqYH2fU2Zw,vidcast
sq4k9kkyw4w1oGuBG7heHg,https://www.youtube.com/user/awesomenesstv
sgOnnR7aUxXACYHodxu0xg,rpmnonenone
sQv6jqZuFDNLwpLRdT50ew,http://www.youtube.com/user/freakcodgamer
sP0oGhm62nF3OwiOqedMyg,"www,youtube.com/daramactire"
sM0Iy2UkjoIFbOVR7xlcpQ,ryan0mega
sEK18xVDGksSqABptIw7PQ,"non
tgn
tgn"
s-Ioy78m8ZDB8y7ES7aeZw,"knifensnipen-none
initiai-broadbandtvgaming"
rsXIx82_jA0JUTTN4JkO8w,"rpm,fullscreen"
roBh6fIzDO8v44Rdsa_w_Q,vultrahub/bentpixels
rc23yNACCECe4Xi_59SRXg,http://www.youtube.com/user/thekarvon
rb8j420MS-CB_JIVDepsMg,quizgroupaggregator
qhpUJDvyz1RxNxUCBU9CRA,"broadcastmedia
none"
q_lJuX5mPwcXlyxMb5EZAw,jntv
qVX2VLgAAK_aTrcAPaf6sw,youtubedirect
qPch3gUxTob3AVPRhXgjaA,konsolekingz/bentpixels
qNYW4-siNAiBJGNkLwDHRQ,"socialblade,rpmnetwork"
qHlIHKg3NVuvlR2KB34dRw,http://www.youtube.com/user/fullscreen
qGXN2NhnK0aXe51zvAsnUg,https://www.youtube.com/vultrahub
qDUyIQFFDlv_Wi4OOR-BAA,rpmnetwork-http://www.youtube.com/user/rpmnetwork
q6MB48sZic4n-2qn1NTLWg,http://www.youtube.com/user/iron608
q2QjHr62WiwSRiYhkIuPIw,"martellbrothersstudios
awesomenesstv"
psrsoTU-SfAaZp9aEwtfuQ,tokniknetwork
pocxeTgnCP4MMhzOfkzfGA,bentpixels(konsolekingz)
p_pkNU1V60Lr8rLSkxF6ag,twich
pG8NSTmRV4t4LnTQ-DLfJA,broadbandtvorthenextgamer
p8FoQxLttxP8nrdNvyW_7Q,imtryingtogetwithgoogleaddsenece
p-X_1undpAew5i3likFLEw,"yourdailylaughz,poweredbybentpixels"
ouzbHEAe-cn9L1fJxYLz6Q,evscon
og1hFh3iomQSZSIOeOuNwA,"none,imastaffmemberofanytv"
ocHYq6RUlj8RYvZmLJkF6Q,noneorstandardyoutubepartnership
oFiyKUnHiErA5mUs35zACg,bentpixels/vultrenetwork
oAFywIfzZxkoLRXBb1k8FQ,tgn/broadbandtv_network
nf_gezc0V6l1lrcfnVHKcg,thegamernation
ndCUNydKrtlA_aYssX0UcA,https://www.youtube.com/channel/ucndcunydkrtla_ayssx0uca
n_pnYKGYvg4yuotr_YdLFQ,http://www.youtube.com/user/cristianathe120cool
mspWC3Hfb0zLab3YGXohOA,mregamers
mpqAsqvR9rR8GRL4011pNA,"vultra-ariaresurged
machinama-hdloukohd"
miz06Z-lQORZrmhZVd76AA,noneasofnow
mdvojBXF1kOsnju1rY9eWA,http://www.youtube.com/thegam3report
lU56PnMfJpNAiudl8pj2YA,"vultra
rpm"
lTwECazcgKWIRDYYK-iYOQ,"rpmnetworks
"
lSdqGaZoqYCfmQ7gFJFJ6g,nobody
lM7COrr348hAi_SSdNslVg,http://youtube.com/fullscreen
lDHitcWnVegib4iejFt6pA,"basicyoutubepartnership,nocontracts"
l5HS1JiKylx9cY_73Pd3Bg,http://www.youtube.com/user/frozenbrainzwar3
l4g2Dyddrm12i208XNxSGg,twitchpremiumpartnership.
kiFudkB56dUkDtKRUk0FZw,thecreativegamer(foreladigital)
kQXfz31nd-BcioriozZ7ug,fullscreeninc.
kOpf4hB9YpEo5YwPppBkVg,directlywithyoutube(forthefeatures)
jhmipCxCCh_azEsFdPtq_A,iparntnernetworkvultra
jbWjdX_CtfFiHRxYFKhzpw,"1.fullscreen
2.socialblade(originallywithtgn)"
jTQ9tJiZq2wsHlMWLlBZzw,yourdailylaughz/bentpixels
jB27Lc9K39G2zv9pBzLkaQ,i'mpartneredbutdonotknowthespecificdetails.
iw_s5y1MH-kS3JNe7_7eNg,broadbandtvgamingnetwork
iHwx_KCpB4kbp5HJT1bApg,yourdailylaughznetwork/ultimatetv
htzmYuGVGh5wVr81lp_RPw,http://www.youtube.com/user/teamxfad
haZvGFAG_XksxbwGfbFXUA,https://www.facebook.com/lovefashionstudio
gbHJENV6UgIZl1Rp_GXCfw,vts
gbHJENV6UgIZl1Rp_GXCfw,gaming
gbHJENV6UgIZl1Rp_GXCfw,don'thaveone
gJmAXh7qqgbZ8eY37Lyutg,noneiamnotpartnered
gIOyKy5Fe8zQ8HsFtK3sRg,rpmstudios
gFL6OaryWW8lVF9LsgoKyA,zhenxinaimei.com
gFL6OaryWW8lVF9LsgoKyA,nonr
frpRl_WlPw2a3dna8Q9cAQ,http://www.youtube.com/user/ydlnetwork
fiLtVac6MLwuftT7ocEC4Q,yuzohub
fi5cUdLHhqN68oWsVkkxxg,"adsense

livestream-twitch.tv/papertankz400+followers"
fc8gcdwrBtY4IYjP3WOAXQ,http://www.youtube.com/vidcastspain
fbapuff5S65z_mr6ngD7kQ,zephixtv
faSzVPHAb0FoucRV-DkhXg,youtubepartnerprogram
f6AThpPDV8bkaNPwXHoMtQ,http://www.youtube.com/user/smoelken
f1gFHlAMG1LJyjfzkz0mDQ,rpmnetwork-www.youtube.com/rpmnetwork
f-dkLnLX_sfmJCgzv6DNAA,"quarterlap,willbegettingunpartneredtopartnerwithrlb"
epxuI8b8dAEPcM1uDIglGA,digitalminds
e_2mpvu9nZ3ByH8ASd6evQ,"paramaker
divimove"
dxnV4usoh8W4bXbAEUwLwg,bentpixels|vultra
dwxAtdtM2RL2ukScV_ID3A,nightowlsgamingcommunity
dncBuIWU7xjuF_Cz0vJf_g,noidea.
dWTFddLt4cFbCf-iSg5Ppg,"
rpmnetworks"
dNig0TljU4mkyje_tWLKYQ,youredailylaughz
dElgaaOQcn-OwqyEo24xFQ,makerstudiosinc
dBEGedVv1tLsX_NV6GgnxQ,http://www.youtube.com/user/awesomenesstvnetwork
d9Rth_5t99rO5UhZebJuHw,asdfsdf
d8m1tG2IOn4in_zxWA4lGg,donthaveone
czJLqzr56Pko49ARlKsoJg,accuzanetwork
cYq-KQP1ZxWiBaIZrpRULQ,"none,hopefullyyouguys!"
cKfmN2EG5Ih2puep4uGZ8A,wmg
c4D_xflbSn6GmGZJU8eLZQ,https://www.youtube.com/user/vultrahub
c1CpdwY-buDpqwLvQV9W6Q,contentpixel
bx6pClCMGeTTWydbGR9zzA,notpartnerre
bJ0NrRLOHoT0TMeg1bEtLA,exclusivemedianetworkundercreativenationthatisunderforeladigital
bHQLp3SWLMJ8G0vZv8PvuQ,kein
b6RTwlOud6BZo0YsMpZHgQ,"machinima
nsquared"
b4I0l-hn4cz7qt9P-ScwAw,"joseph11298rpmnetwork
theesportsreplaynone"
awv3YSQREkXmGF3BSpkM2Q,donthaveyet
a_P34n9PUzo44rCPA9OyQQ,https://www.youtube.com/user/epicosdasemana
aMjY7C8l3bgY4OR54IsStA,onlywithyoutube.
aJh4FdXy0gYmwD9JfxT4nA,bybentpixels(yourdailylaughz)
a7x3oSEVkc9MkaRgyCUqPw,jhonero
_uzkj81ZqDAq240mDUyGgw,thegamingnetwork
_cnxQ-YZE-P-p-mbUKWnNQ,bentpixels/vultra
_blhmhzlYcxsd4Js0zXdMQ,socialblade/rpmnetworks
_YbaS0_bBR4BjfMNv9xsRw,"rpmnetwork
(willendifseptember,aiwilljoincurseorwizdeo)"
_GXIi-h252laGcsltLjjew,awesonesstv
Z_pH4xE0RvRVYwj6KKI9VQ,alloyinc(smoshgamesalliance)
ZXVJgry4FxvZO2718qQh5Q,tofuugaming
ZWpw6z5IxUolnKrk3RNc9w,http://www.youtube.com/user/lllllllhamcellllllll
ZTqRQYguJre4_fwluoJhUA,idggermany
ZMGc8zXpNua-oIUPxW7AvA,adsence
ZHyLQRH6s3wSczNtXtUtmA,bentpixals
ZFPFIqVruNrnDponS_3JCg,vultranetork
Z36P2ryoka--bZEwhVKnFQ,"youtubepartner,adsense"
Yn76GaJzSGxGjqR-QUWz8w,therpmnetwork
YQ9s-sWuchlubZa7Fsy-uQ,rpm/maker
YGtJuDNqGMKufI36pR-P0Q,xpressnetwork
Y7B8YXgVNWqOc2WVopBPvw,bentpixelshttp://dashboard.bentpixels.com/
Y30JRSgfhYXA6i6xX1erWg,alloynetwork
XqWnYwHuFimnMjtHtrz1Zw,http://www.youtube.com/user/jaconb
XV7zdOfa-89PUMvKPmb50g,socialblade/rpm/makerstudios
XOtQfl7UmtNv8iVS-EQY0g,imayoutubepartner
XLgAAzh91IigFKVetnFypA,www.youtube.com/thesowut
X2-ji5PjYOC4ysc_n3WBMA,"cpalead,cpagrip"
WyIz-ygWAviqLQccVS9sew,"tgn,socialblade"
WvOh-VKilaGroveiLPcIgg,"http://www.youtube.com/user/friendsgamershd
http://www.youtube.com/user/santinovsky
http://www.youtube.com/channel/uctgmajmrqxbojjqs2zp98tw"
WcK0rz2W_GvNB8jVAyimyQ,noneyet..
WaqHAD8mB0lf8j_4zzi1ig,rpmnetwork(theyareshit)
WLyU-hB4YFw-0448kWTOrA,"awesomenesstv
none"
W86vQsGN0tAslKb9qKvrdQ,adrevtalentnetwork
W3cy-7CHBtOVOsMQribMsA,"buzzmyvideos
"
VMKpVyT01CM-RnFUrZEySg,awesomnestv
VCuiG2yOCOU7jzQkTmBSbQ,curese.comunionforgamers
UuTfeqZJrANNWygMCw2IQQ,youtubepartnershiponly
UOwFMqWBjRS6JA4PgLlQbQ,youtubenetwork
U9M5dWnfbwZ2pZRzkySHeQ,"yes,iampartner"
TuE4gxkd0hZDb7VkT9HM9A,vultraorbentpixels
TmxjDqvEdhwk9zWJK1iWow,"fullscreen(thekidcommentaries)

nonefortherest"
TRgJKZdoBxjA5LsJOr_okQ,"awesomenesstv
"
TD1EeDXIlKRRMzhrOp_zWw,vidcastspain(makerstudio)
TCyMPAZMtrymhXHz0a5fEg,vultra/benpixels/crysistv
T9Zp55S75rsko_97aMUdVQ,https://www.youtube.com/user/y77070400
T1XSdGTfVO59d5_X6_fsdQ,nuamparteneriat
SnQ6x_dgRTCHtFrd3MTZdQ,"bentpixels
"
SmXkH7SphhVALcGFC2HE4Q,yeousch(fullscreen)
SbDUy22tRAeRkWwjpafKMQ,tgnnetwork
SVHrMleXujW_EhadUo2OcA,noneif
SOdX6Exy6SqmWjHxOUdTmg,rpmviasocialblade
S9skTdxcfV0s5k15s8IHEA,thenextgamingnetwork
S3AY0ZmNuv0DKc69IIW0vw,youtubeadrevenue.
S28vPlUASOaT1zzEfaJO6Q,http://www.youtube.com/user/toozyk
Ry8ZrR7xWly73qElcpwB8w,rpm/makerstudios
RqjJ2v2KMDy6qjNbpzJjBQ,nojustadsence
RLqMf0UZebYje5Y4TaZA8Q,www.inicioent.com
RGfEQqCK7sLn89SHDXl6YA,"fullscreen

tgn"
RF3fLuhLhkaUOEV152UicQ,vidcast/rpm/makerstudios.
RBxsVoWONBvQxFRcwEVaag,iampartneredwiththenetworkrpm(alittlepartofmakerstudios)
QkKSCbKqOJKow0NjF-gTrw,avoktv
QYJxXjGBXgtX6Ry4GLZ9Vw,http://www.youtube.com/channel/uc-ydpiowj69f9gt2_xqqucg
QMEms3zgX-dmS2mttSJEYw,"ign,butlookingtoswitchnetworksinaugust"
PrjnzbeapFPi41ZXzJ80NQ,rpmjoiningcursenetwork
OxN9MQSnhTVAD0UCJFSUgA,awesomesstv
OwA6OTJbioqZ4SQ3T3p33w,rpm(socialblade)
OsdL58xHEh0Ez7RVDYScTQ,pretttv
OZ00aryfRDV-rAw9OadtMA,"zoomin.tv
butimayleavesoonandsignwithtgnorn4gtv."
O2UaBiDJsFzjaK7666wydQ,http://www.youtube.com/?hl=zh-tw&gl=tw
NOq5QJmZXNQRbV7TNJJztw,broadbandtvviso
NKz195kKpcf2Q6aYwMOfUA,xpressed
NGzZj0moMixZnaVrdsbhOg,youtube.com
NEjZPYKwefhqMCfDc8ETPg,anymore
N841EyTGDPuGVhy-PLbFkA,none!
N7S7xOK1lWBCdv-7hoTwkw,socialade
Mj6H9fAwxJJmIxiq089MkQ,vultranetwork(bentpixels)
MfEEAhHh5X3RCSy4a7930Q,googleadsens
MOBOiRXQZvKOaC1qRkrzMg,vidcastspainnetwork
M44qk_g-R56NkfmbzIQILA,"mrapplemaniaco2:notpartnered.
mrapplemaniaco01:partneredwithrpmnetworks"
LiUf7WFmwd1cayECiCQRNg,polaris
LaVFqahIoQCDSEAOjrqOnA,vertexlabstv
LYR8oBhTDeWCcGTtPbvSOw,nine
LVMEEEVjcZYYVJp_wKjwIA,"smugglerweb-fullscreen
karvanopatandhupstv-youtubeadsense"
KnKOu_Bqg_NUYoavTSSqOQ,noneiamrecruiterforacifinsoiwillbepartneredwiththemin9recruits
KnFiSAL6jPH4qXAe77APxQ,"kidryoshin
kidryoshin2"
Kkw6fWElfqL1Tt-6r-yzNw,arkontv
KcHQmquEM6qbL_LupaEYew,gamescopestudio
KFD6O0AtImdxmAvY1YVzXA,soontobeacifin!
KBDp-vWYFgxvJf6mlwEj0A,"theattainhub
"
K9_x1DImhU-eolIay5rb2Q,tgnfornow
JypL5n2vkPlI62BrSNjPMg,awesomenesst.v.
Jkkt01Vu5lWaVOJfgljKZQ,trialrecruiterforacifin
JZvNraXGAcc7qIa1BS68MQ,youtube.com/contentpixel
JPCGQ30sZX5SZE8kgbAhlg,http://www.youtube.com/user/kujar3player
J4O70gI9aZp7hntM_SjSSQ,bentpixels/yourdailylaughz
IjZiwKu4aSXabCoz8pLBOg,http://www.youtube.com/user/farizsyukronfahlevi
IeidDerrOpaDThFO43dnlQ,fullscreen(hateit)
IcgY3s1AgjhV6qAlNsVukw,applicationspending
Ib3y7VXYq4dUacAYuhm9aA,kkz
IRjgDtHFWmkK1b6nARa2_g,iinsan3xclanpage
IIhuhVWkPyYxRfKyS0BPaQ,mitu
HzXjkoDCnCiTyfIq6XO4iw,broadband_tv
HmMCUOqlwwsFvsy4AANVVA,rpmnetworks/makerstudios
H-ZUVE8vw44je_lwObnyfA,"tgn
broadbandtv_gaming"
Gu1hDGf1Wq0pKmKXm5pO-A,makerstudios/rpmnetwork
GmnsW623G1r-Chmo5RB4Yw,"ign
base79"
GlnpftzRXpyvpseWY2kNaQ,"youtube
googleadwords"
GfZvqvr4rHtL3DaooedKnw,arkon
GdJ1CCaI0dTCVIgdAWjRZg,"bentpixels,llc"
GTIngVTH4Lb_q5TqzGgALA,http://www.youtube.com/user/saardspainnetwork
G7RxMWFf8ekrPl756LUa4g,gamestar
FhHuT2WM83Pk5_SbXIZ38w,basenet
FBunnNVij8OxCk7kGbD5wA,"awesomenesstv,gamoniac"
F6Ie3MLCD7CrFQIQsSkxNw,smoshgaming
F5Xub5d4fIf39npbn429qQ,http://www.youtube.com/user/zoomingames
F2oJb05bNQVtm9Q4E5lRmg,"none,recruiteratacifin"
Esmc8y7hreacMeST15TzmQ,noneyet.
EYURD-_g3CD9pOTPbwARHw,"youtubeadsence
"
ETlQgPtNOrPRnmJH1oH44A,"none(rpmsoon,justneede-mailfromyoutube)"
EPhKwCnKy-GZ0HR4NsQLiw,standaryoutubepartnership
ECsq0_bKwgVuFhACTTuNRA,tgs
E-OgXMYGq8oV8rsK3AikRw,www.tgn.com
DuAiQykr3VZFXZEPVhQ3Uw,tom'shardwareitaly
Ds8kYIejL0cQfHUGlbX1hQ,https://www.youtube.com/soyhomerus
Dj_TfyiIgpt63WpaFuzNRg,http://www.youtube.com/yuzohub
DS_eKv0bgxhfPg1BWDZA-Q,partneredwithyoutube.com
DGZ1xV7M87KLrWT2zcC3Ew,broradcastmedia
CvI6s8g24XFR9Fan8TF-MA,http://www.youtube.com/rpm
CnCvdQXWL4UPyqDgBT9g0g,zoomin
Cm-obQjuA-alhu8DKnQnFw,"
thinkyoutube..."
Channels,networks
CdhhMRZJ1um1P4ECbeaTWw,vunetv
CcD-8RLU4sp4wX5w0Vweog,http://www.divimove.de
CKCYca1v9EZ-y7UibuLwnw,nonepartner
C9CaNRWw7kVmCgUM1GpVuw,https://www.youtube.com/user/yeousch
BuK7XAhYmL9unsElqaCntg,forelladigital
BuIgX8vrSJ-gV0HABVyrQA,agora
BXcZd8bwrXDA4D8TVDnQYw,azueo
BPlyMLbUY6OG0cNnzN9TyQ,adsenseyoutubepartner-nopartnernetwork
B7Fsnzn7Fmt8J8JuaFkidQ,basicyoutube(adsense)
B5ILANNffLFOrCxpcvcIvQ,eeeeeeeeeeeeeeeeeeeeee
B16-yrgN3EWP3FL8RnWxHA,zoomin_tv
Ax2JnYtm5ZDWDh4_W5_OtA,http://www.youtube.com/channel/ucax2jnytm5zdwdh4_w5_ota
ARZJejxRnmQ0m_tU7MgRiA,curseentertainment.
AQ7sWi2M5ytI0adLzBJArw,noneyet
A53FyUUIDjSBdMQ7z3mBxA,yourdailylaughzorbentpixels
A-HYUbDJy-vblu_2G8iPEg,"amgoingtopartneredwithrpmnetwork,waitingapproval."
9xIQpmr26OX_0ddvYDde7g,"
broadbandtv_gaming"
9sRyIUq73kkvuI5WqmfItg,"tgn
socialblade
rpmnetwork"
9jzX9k84TuUD-DO83OCnww,iampartneredwithtgn/akabroadbandtv
9hEKMCLEu9J_Zu6gbKlN1w,"fullscreen,machinima"
97mjZYjN4BHmyzP2CHxukg,"partneredwidbentpixels,"
97bi3ZK0thy9uIF0SHN7Gg,"zoomintv,ageofgaming"
8sz0lPO322XsIG9FVypsqQ,tgn(broadbandcorp.)
8rNKrqBxJqL9izOOMxBJtw,elrubiusomg
8kGTFpLei2AV9vAV-ACSPA,googleadsence
8iZsogR0kyhF159QJd4kFg,vultranetworkbentpixels
867ZmzIrBSoGSAO7VwS59g,googlehaspartneredetsensbutsegodneshnydayihavenoaffiliateprogram
7sRlxh-zNcnBl1rSov9BGA,wixnet
7_oolTgfb-NjJ5XWoSzOYQ,partneredwithrpmnetwork
7GDmoUv3UTw4L2n2H8TK-A,bbtv(broadbandtv)
72CyD1cNzKFXcoLMatgdkA,tgn.tv
6vx1E70d5HZmyuAL3Y-InQ,alloy
6vUWxmVUn45JNGCdJsZa7A,google+
6vOiAbgOgg6ItFI2K7tLiA,bentpixels(yourdailylaughz)
6ehZ_3qaWfBZ0hLyoyyoZQ,rpmmakerstudios
6FffytGbAnn7TfLbJCpomQ,youtubepartnershipprogram
5tNVmt-OTCYo9xob7Oiz7w,"socialblade,rpm"
5eqYohVeN_zh-Yy0dx12oQ,http://www.youtube.com/user/freez1223
5TpUU4cpvd38A7xEzBLaJw,rocahub
5J0ex8FhurgDupxgdMKd6A,lalalalalal
550Eflxx9x24EVjkrmgg1g,monetizationofyoutube
52POklIwSkHGIZP3S88RXA,youtubepartnership.
4qGFT5NlpEtGM7LJ3K37hg,standardyoutubepartner(monetisation)
4b8djK5nGY8Dz-Ww5aWJSQ,aroxynetwork
4SUI3BW7gURT9TfCRv370Q,smoshgamesalliance
49OqnouVMzGzz2AI0kXqow,appliedtofullscreen
4-6q9b4o4gV_kpnCoxIDKQ,http://fullscreen.net
3nDgwXFgt6YIgSmlRKvTwg,bentpixles
3Yh6jJ25nVtoN7kFLTOCTg,"fullscreen,vutune"
3YW707UJJ3_kADzyD4_4kA,necessarygaming
3UcRjxZb1PqLFTtsMJDvTQ,intheprocessofpartneringwithtgn.
3KRHJWhMUrg66UhOGQoytA,youtube.com/jaazielfuentes
2MqEuvfi7lGO_4Lfd9ed7g,rpmmaker
25DPadQCTxW0ofq83n6hJg,atv
1v_itEKYytDeMpRBp_oMcA,johnnyzheng
1_zB-H6jD2nH9_pYmLEFsQ,awesomenesstv:(
1VyNEx_2yib2iUM55DZ5PA,http://www.youtube.com/awesomenesstvnetwork
1PYW4Q1W__V9ujmjyH6OKQ,playtimestv
1PQySaRgFkgRny5GNBAkgA,nons
1MRnGktk4ejAVrdMufcisA,viso/visogames/broadband.tv(thosearealloneijustdon'tknowwhattheygoby)
0gfudfsXzbZo43OEGqQjXg,"pelotudoqsos\\juntadagamertrece"
0dci72SeKwNYgN3-o1qtog,socialblade(rpmnetwork)
0Tu9fth6qFcMBSmNWIbpKA,http://www.youtube.com/user/konsolekingz
0NQvNwt0Zn-B3N2zqo8dtg,"1.fullscreen
2.bentpixels/ydlnetwork
3.notpartneredyet"
0HfZqKGQomiN8pPnoniGRg,paramaker
088XDgirgsPyVsCFeOl6Ag,opticgameing
-n3b6af7IZNeURsoggWpJw,yourjustlaughz
-lRKIJCUxiRSqcwIcWJBWg,inicioent
-etsnHyDkIqNpBHrGcimfQ,ihaven'tpartnered.
-Ejx-j_sOqTmyONGrVcVFA,http://awesomenessnetwork.herokuapp.com
,"searching
lookingintoowningownmcn"
,partneronyoutube.butdontmonetizevideos
,"
none"
,normalyoutubepartner
,iamstartingmyownsupahtvimundercreativenation
,vapornt(broadbandtv)
,"none,yet..."
,rpmnetwork/maker
,tesrtse
,"none,justhereforcpa-"
,iwanttohaveanyoutubepartener
,iricomukraine
,onegamer7
,"rpm(eposvox)
fullscreen(tehd3m0l1sh3r)
none(shodankingslayer)"
,mypartnerarenormalyoutube
,noneyet(receivedinvites)
,yourdailylaughtz
,"kfgjihuhb\hadsfj"
,iwithmycousin
,konsolekingz(bentpixels)
,konsolekingzgamingnetwork(kkgn)
,vultranetworks
,
,inprocesswithpossiblepartnershipfromtgn
,iownthenetworkxenoxdigitalhttp://xenoxdigital.net
,zoomingames(http://www.youtube.com/user/zoomingames)
,soonwewillbepartnerwithfullscreen.
,http://www.youtube.com/watch?v=xzwz3wfwdyw
,noneyet(awesomenessnetwork)maybe
,cahiuheiuv
,guyghyug
,http://www.youtube.com/user/awesomenesstv/
,fshgfhfgh
,title
,twitch.tv/lolhutv
,paldopice
,http://www.youtube.com/my_videos?o=u
,don't
,twitch.tv/miguelxito
,www.lifeonlinegame.com
,yrcb6p4yy0z3-ecldnrs2a
,larva
,http://www.youtube.com/channel/uc4dubqnrgtqkruodtbxxruq
,seila
,http://www.youtube.com/user/albergonza5?feature=watch
,"none,soonpartneringwitheitheracfinorfullscreen"
,"youtubenetwork
"
,"0,5year"
,"i&#039;mok,thankyou."
,monge1233@gmail.com
,dhgdhdfghdfhg
,http://www.youtube.com/channel/ucwekaomgtzsketmqozg5vlw
,beautyparlournames.com
,http://www.twitch.tv/marenaune
,http://www.freegamesonlinedownload.com
,http://loansfrom.com
,"rpmnetwork
awesomenesstv"
,www.eduthere.com
,youpartnerswsp
,www.importantpicture.com
,123321
,http://describeeducation.com
,2months
,notpartnered.
,noneidon'tknowhowicanbepartneredwithonyoutube
,yourdailylauhz
,"vultra
"
,gnomo
,mychannelsarebeingverifiedtodaywithyourselveshopefully.
,underreviewwithn4gtv
,icancreatepartneredonyoutube
,rpmnetwork:http://www.youtube.com/user/rpmnetwork
,partnered
,hello
,acifinonotherchannels.
,base79
,vultragames/bentpixels
,afsdf
,broadband.tv
,rmpnetwork
,notevon
,noneifnotpartnered.
,"yes,togetherrpmnetwork"
,"notteling,secret"
,broadbandtv_gamingnetwork
,"
"
,"no
no
no
no"
,adarhjtdgycjiv
,i'mpartneredwithyoutube
,youtube.com/ygksgsofficialmusic
,
,awesomenessnetwork
,creatorxakafullscreen
,gfug
,diddyovideos=fullscreen
,"no
no"
,no.noneifnotpartnered
,ingen
,"okan,burak,emir"
,"rpm,makerstudios"
,"yes,rpmnetwork"
,ihavenovideo
,notcurrentlywithanyone.
,fadsfsadfsda
,elvianttv
,"n/a,idonthaveyoutube"
,youtube-partner
,tufan
,rpm/socialbladenetwork
,iamcurrentlypartneredwithyeousch.
,xelahub
,iamnotpartner
,qrstuvwxyz{|}~152428155663559
,marvthakilla
,machinimaandrpm
,ichhabeeinepartnerschafftmityoutube
,"broadbandtvnetwork
rpmnetwork"
,skywolfer
,none(hopingtopartnerwithjunglenetwork)
,weareayoutubenetwork
,"none,butconsideringjoiningsocialblade"
,"kevstyleytchannelpartneredwithrpmnetwork.
bizarrenetwork/bizarrehubpartneredwithforela"
,weareaffiliatenetworkwith1000+affiliates
,rpmnetwork/makerstudios
,"atv
buzzmyvideosgames"
,awsomenesstvatv.forshort
,nonpartnered
,"rpm
machinima"
,fdagfdhgdf
,fullscreen.
,notengo
,playnet
,gfsdgds
,vultura
,networkvelocity
,rpmnetworkandyoutubepartner.
,7657567657
,"yeousch